,eval_fn_kwargs
0,"{'event': 'EAT_FOOD', 'N': 1}"
1,"{'event': 'EAT_FOOD', 'N': 2}"
2,"{'event': 'EAT_FOOD', 'N': 3}"
3,"{'event': 'EAT_FOOD', 'N': 4}"
4,"{'event': 'EAT_FOOD', 'N': 5}"
5,"{'event': 'EAT_FOOD', 'N': 6}"
6,"{'event': 'EAT_FOOD', 'N': 7}"
7,"{'event': 'EAT_FOOD', 'N': 8}"
8,"{'event': 'EAT_FOOD', 'N': 9}"
9,"{'event': 'DRINK_WATER', 'N': 1}"
10,"{'event': 'DRINK_WATER', 'N': 2}"
11,"{'event': 'DRINK_WATER', 'N': 3}"
12,"{'event': 'DRINK_WATER', 'N': 4}"
13,"{'event': 'DRINK_WATER', 'N': 5}"
14,"{'event': 'DRINK_WATER', 'N': 6}"
15,"{'event': 'DRINK_WATER', 'N': 7}"
16,"{'event': 'DRINK_WATER', 'N': 8}"
17,"{'event': 'DRINK_WATER', 'N': 9}"
18,"{'event': 'SCORE_HIT', 'N': 1}"
19,"{'event': 'SCORE_HIT', 'N': 2}"
20,"{'event': 'SCORE_HIT', 'N': 3}"
21,"{'event': 'SCORE_HIT', 'N': 5}"
22,"{'event': 'SCORE_HIT', 'N': 7}"
23,"{'event': 'SCORE_HIT', 'N': 9}"
24,"{'event': 'SCORE_HIT', 'N': 12}"
25,"{'event': 'SCORE_HIT', 'N': 15}"
26,"{'event': 'SCORE_HIT', 'N': 20}"
27,"{'event': 'SCORE_HIT', 'N': 30}"
28,"{'event': 'SCORE_HIT', 'N': 50}"
29,"{'event': 'PLAYER_KILL', 'N': 1}"
30,"{'event': 'PLAYER_KILL', 'N': 2}"
31,"{'event': 'PLAYER_KILL', 'N': 3}"
32,"{'event': 'PLAYER_KILL', 'N': 5}"
33,"{'event': 'PLAYER_KILL', 'N': 7}"
34,"{'event': 'PLAYER_KILL', 'N': 9}"
35,"{'event': 'PLAYER_KILL', 'N': 12}"
36,"{'event': 'PLAYER_KILL', 'N': 15}"
37,"{'event': 'PLAYER_KILL', 'N': 20}"
38,"{'event': 'PLAYER_KILL', 'N': 30}"
39,"{'event': 'PLAYER_KILL', 'N': 50}"
40,"{'event': 'HARVEST_ITEM', 'N': 1}"
41,"{'event': 'HARVEST_ITEM', 'N': 2}"
42,"{'event': 'HARVEST_ITEM', 'N': 3}"
43,"{'event': 'HARVEST_ITEM', 'N': 5}"
44,"{'event': 'HARVEST_ITEM', 'N': 7}"
45,"{'event': 'HARVEST_ITEM', 'N': 9}"
46,"{'event': 'HARVEST_ITEM', 'N': 12}"
47,"{'event': 'HARVEST_ITEM', 'N': 15}"
48,"{'event': 'HARVEST_ITEM', 'N': 20}"
49,"{'event': 'HARVEST_ITEM', 'N': 30}"
50,"{'event': 'HARVEST_ITEM', 'N': 50}"
51,"{'event': 'EQUIP_ITEM', 'N': 1}"
52,"{'event': 'EQUIP_ITEM', 'N': 2}"
53,"{'event': 'EQUIP_ITEM', 'N': 3}"
54,"{'event': 'EQUIP_ITEM', 'N': 5}"
55,"{'event': 'EQUIP_ITEM', 'N': 7}"
56,"{'event': 'EQUIP_ITEM', 'N': 9}"
57,"{'event': 'EQUIP_ITEM', 'N': 12}"
58,"{'event': 'EQUIP_ITEM', 'N': 15}"
59,"{'event': 'EQUIP_ITEM', 'N': 20}"
60,"{'event': 'EQUIP_ITEM', 'N': 30}"
61,"{'event': 'EQUIP_ITEM', 'N': 50}"
62,"{'event': 'CONSUME_ITEM', 'N': 1}"
63,"{'event': 'CONSUME_ITEM', 'N': 2}"
64,"{'event': 'CONSUME_ITEM', 'N': 3}"
65,"{'event': 'CONSUME_ITEM', 'N': 5}"
66,"{'event': 'CONSUME_ITEM', 'N': 7}"
67,"{'event': 'CONSUME_ITEM', 'N': 9}"
68,"{'event': 'CONSUME_ITEM', 'N': 12}"
69,"{'event': 'CONSUME_ITEM', 'N': 15}"
70,"{'event': 'CONSUME_ITEM', 'N': 20}"
71,"{'event': 'CONSUME_ITEM', 'N': 30}"
72,"{'event': 'CONSUME_ITEM', 'N': 50}"
73,"{'event': 'LEVEL_UP', 'N': 1}"
74,"{'event': 'LEVEL_UP', 'N': 2}"
75,"{'event': 'LEVEL_UP', 'N': 3}"
76,"{'event': 'LEVEL_UP', 'N': 5}"
77,"{'event': 'LEVEL_UP', 'N': 7}"
78,"{'event': 'LEVEL_UP', 'N': 9}"
79,"{'event': 'LEVEL_UP', 'N': 12}"
80,"{'event': 'LEVEL_UP', 'N': 15}"
81,"{'event': 'LEVEL_UP', 'N': 20}"
82,"{'event': 'LEVEL_UP', 'N': 30}"
83,"{'event': 'LEVEL_UP', 'N': 50}"
84,"{'event': 'EARN_GOLD', 'N': 1}"
85,"{'event': 'EARN_GOLD', 'N': 2}"
86,"{'event': 'EARN_GOLD', 'N': 3}"
87,"{'event': 'EARN_GOLD', 'N': 5}"
88,"{'event': 'EARN_GOLD', 'N': 7}"
89,"{'event': 'EARN_GOLD', 'N': 9}"
90,"{'event': 'EARN_GOLD', 'N': 12}"
91,"{'event': 'EARN_GOLD', 'N': 15}"
92,"{'event': 'EARN_GOLD', 'N': 20}"
93,"{'event': 'EARN_GOLD', 'N': 30}"
94,"{'event': 'EARN_GOLD', 'N': 50}"
95,"{'event': 'LIST_ITEM', 'N': 1}"
96,"{'event': 'LIST_ITEM', 'N': 2}"
97,"{'event': 'LIST_ITEM', 'N': 3}"
98,"{'event': 'LIST_ITEM', 'N': 5}"
99,"{'event': 'LIST_ITEM', 'N': 7}"
100,"{'event': 'LIST_ITEM', 'N': 9}"
101,"{'event': 'LIST_ITEM', 'N': 12}"
102,"{'event': 'LIST_ITEM', 'N': 15}"
103,"{'event': 'LIST_ITEM', 'N': 20}"
104,"{'event': 'LIST_ITEM', 'N': 30}"
105,"{'event': 'LIST_ITEM', 'N': 50}"
106,"{'event': 'BUY_ITEM', 'N': 1}"
107,"{'event': 'BUY_ITEM', 'N': 2}"
108,"{'event': 'BUY_ITEM', 'N': 3}"
109,"{'event': 'BUY_ITEM', 'N': 5}"
110,"{'event': 'BUY_ITEM', 'N': 7}"
111,"{'event': 'BUY_ITEM', 'N': 9}"
112,"{'event': 'BUY_ITEM', 'N': 12}"
113,"{'event': 'BUY_ITEM', 'N': 15}"
114,"{'event': 'BUY_ITEM', 'N': 20}"
115,"{'event': 'BUY_ITEM', 'N': 30}"
116,"{'event': 'BUY_ITEM', 'N': 50}"
117,"{'event': 'GIVE_ITEM', 'N': 1}"
118,"{'event': 'GIVE_ITEM', 'N': 2}"
119,"{'event': 'GIVE_ITEM', 'N': 3}"
120,"{'event': 'GIVE_ITEM', 'N': 4}"
121,"{'event': 'GIVE_ITEM', 'N': 5}"
122,"{'event': 'GIVE_ITEM', 'N': 6}"
123,"{'event': 'GIVE_ITEM', 'N': 7}"
124,"{'event': 'GIVE_ITEM', 'N': 8}"
125,"{'event': 'GIVE_ITEM', 'N': 9}"
126,"{'event': 'DESTROY_ITEM', 'N': 1}"
127,"{'event': 'DESTROY_ITEM', 'N': 2}"
128,"{'event': 'DESTROY_ITEM', 'N': 3}"
129,"{'event': 'DESTROY_ITEM', 'N': 4}"
130,"{'event': 'DESTROY_ITEM', 'N': 5}"
131,"{'event': 'DESTROY_ITEM', 'N': 6}"
132,"{'event': 'DESTROY_ITEM', 'N': 7}"
133,"{'event': 'DESTROY_ITEM', 'N': 8}"
134,"{'event': 'DESTROY_ITEM', 'N': 9}"
135,"{'event': 'GIVE_GOLD', 'N': 1}"
136,"{'event': 'GIVE_GOLD', 'N': 2}"
137,"{'event': 'GIVE_GOLD', 'N': 3}"
138,"{'event': 'GIVE_GOLD', 'N': 4}"
139,"{'event': 'GIVE_GOLD', 'N': 5}"
140,"{'event': 'GIVE_GOLD', 'N': 6}"
141,"{'event': 'GIVE_GOLD', 'N': 7}"
142,"{'event': 'GIVE_GOLD', 'N': 8}"
143,"{'event': 'GIVE_GOLD', 'N': 9}"
144,{'tile_type': <class 'nmmo.lib.material.Crystal'>}
145,{'tile_type': <class 'nmmo.lib.material.Water'>}
146,{'tile_type': <class 'nmmo.lib.material.Tree'>}
147,{'tile_type': <class 'nmmo.lib.material.Ore'>}
148,{'tile_type': <class 'nmmo.lib.material.Fish'>}
149,{'tile_type': <class 'nmmo.lib.material.Foilage'>}
150,{'tile_type': <class 'nmmo.lib.material.Herb'>}
151,"{'skill': <class 'nmmo.systems.skill.Melee'>, 'level': 3, 'num_agent': 1}"
152,"{'skill': <class 'nmmo.systems.skill.Melee'>, 'level': 4, 'num_agent': 1}"
153,"{'skill': <class 'nmmo.systems.skill.Melee'>, 'level': 5, 'num_agent': 1}"
154,"{'skill': <class 'nmmo.systems.skill.Melee'>, 'level': 6, 'num_agent': 1}"
155,"{'skill': <class 'nmmo.systems.skill.Melee'>, 'level': 7, 'num_agent': 1}"
156,"{'skill': <class 'nmmo.systems.skill.Melee'>, 'level': 8, 'num_agent': 1}"
157,"{'skill': <class 'nmmo.systems.skill.Melee'>, 'level': 9, 'num_agent': 1}"
158,"{'skill': <class 'nmmo.systems.skill.Melee'>, 'exp': 50}"
159,"{'skill': <class 'nmmo.systems.skill.Melee'>, 'exp': 100}"
160,"{'skill': <class 'nmmo.systems.skill.Melee'>, 'exp': 150}"
161,"{'skill': <class 'nmmo.systems.skill.Melee'>, 'exp': 200}"
162,"{'skill': <class 'nmmo.systems.skill.Melee'>, 'exp': 300}"
163,"{'skill': <class 'nmmo.systems.skill.Melee'>, 'exp': 500}"
164,"{'skill': <class 'nmmo.systems.skill.Melee'>, 'exp': 700}"
165,"{'skill': <class 'nmmo.systems.skill.Mage'>, 'level': 3, 'num_agent': 1}"
166,"{'skill': <class 'nmmo.systems.skill.Mage'>, 'level': 4, 'num_agent': 1}"
167,"{'skill': <class 'nmmo.systems.skill.Mage'>, 'level': 5, 'num_agent': 1}"
168,"{'skill': <class 'nmmo.systems.skill.Mage'>, 'level': 6, 'num_agent': 1}"
169,"{'skill': <class 'nmmo.systems.skill.Mage'>, 'level': 7, 'num_agent': 1}"
170,"{'skill': <class 'nmmo.systems.skill.Mage'>, 'level': 8, 'num_agent': 1}"
171,"{'skill': <class 'nmmo.systems.skill.Mage'>, 'level': 9, 'num_agent': 1}"
172,"{'skill': <class 'nmmo.systems.skill.Mage'>, 'exp': 50}"
173,"{'skill': <class 'nmmo.systems.skill.Mage'>, 'exp': 100}"
174,"{'skill': <class 'nmmo.systems.skill.Mage'>, 'exp': 150}"
175,"{'skill': <class 'nmmo.systems.skill.Mage'>, 'exp': 200}"
176,"{'skill': <class 'nmmo.systems.skill.Mage'>, 'exp': 300}"
177,"{'skill': <class 'nmmo.systems.skill.Mage'>, 'exp': 500}"
178,"{'skill': <class 'nmmo.systems.skill.Mage'>, 'exp': 700}"
179,"{'skill': <class 'nmmo.systems.skill.Range'>, 'level': 3, 'num_agent': 1}"
180,"{'skill': <class 'nmmo.systems.skill.Range'>, 'level': 4, 'num_agent': 1}"
181,"{'skill': <class 'nmmo.systems.skill.Range'>, 'level': 5, 'num_agent': 1}"
182,"{'skill': <class 'nmmo.systems.skill.Range'>, 'level': 6, 'num_agent': 1}"
183,"{'skill': <class 'nmmo.systems.skill.Range'>, 'level': 7, 'num_agent': 1}"
184,"{'skill': <class 'nmmo.systems.skill.Range'>, 'level': 8, 'num_agent': 1}"
185,"{'skill': <class 'nmmo.systems.skill.Range'>, 'level': 9, 'num_agent': 1}"
186,"{'skill': <class 'nmmo.systems.skill.Range'>, 'exp': 50}"
187,"{'skill': <class 'nmmo.systems.skill.Range'>, 'exp': 100}"
188,"{'skill': <class 'nmmo.systems.skill.Range'>, 'exp': 150}"
189,"{'skill': <class 'nmmo.systems.skill.Range'>, 'exp': 200}"
190,"{'skill': <class 'nmmo.systems.skill.Range'>, 'exp': 300}"
191,"{'skill': <class 'nmmo.systems.skill.Range'>, 'exp': 500}"
192,"{'skill': <class 'nmmo.systems.skill.Range'>, 'exp': 700}"
193,"{'skill': <class 'nmmo.systems.skill.Fishing'>, 'level': 3, 'num_agent': 1}"
194,"{'skill': <class 'nmmo.systems.skill.Fishing'>, 'level': 4, 'num_agent': 1}"
195,"{'skill': <class 'nmmo.systems.skill.Fishing'>, 'level': 5, 'num_agent': 1}"
196,"{'skill': <class 'nmmo.systems.skill.Fishing'>, 'level': 6, 'num_agent': 1}"
197,"{'skill': <class 'nmmo.systems.skill.Fishing'>, 'level': 7, 'num_agent': 1}"
198,"{'skill': <class 'nmmo.systems.skill.Fishing'>, 'level': 8, 'num_agent': 1}"
199,"{'skill': <class 'nmmo.systems.skill.Fishing'>, 'level': 9, 'num_agent': 1}"
200,"{'skill': <class 'nmmo.systems.skill.Fishing'>, 'exp': 50}"
201,"{'skill': <class 'nmmo.systems.skill.Fishing'>, 'exp': 100}"
202,"{'skill': <class 'nmmo.systems.skill.Fishing'>, 'exp': 150}"
203,"{'skill': <class 'nmmo.systems.skill.Fishing'>, 'exp': 200}"
204,"{'skill': <class 'nmmo.systems.skill.Fishing'>, 'exp': 300}"
205,"{'skill': <class 'nmmo.systems.skill.Fishing'>, 'exp': 500}"
206,"{'skill': <class 'nmmo.systems.skill.Fishing'>, 'exp': 700}"
207,"{'skill': <class 'nmmo.systems.skill.Herbalism'>, 'level': 3, 'num_agent': 1}"
208,"{'skill': <class 'nmmo.systems.skill.Herbalism'>, 'level': 4, 'num_agent': 1}"
209,"{'skill': <class 'nmmo.systems.skill.Herbalism'>, 'level': 5, 'num_agent': 1}"
210,"{'skill': <class 'nmmo.systems.skill.Herbalism'>, 'level': 6, 'num_agent': 1}"
211,"{'skill': <class 'nmmo.systems.skill.Herbalism'>, 'level': 7, 'num_agent': 1}"
212,"{'skill': <class 'nmmo.systems.skill.Herbalism'>, 'level': 8, 'num_agent': 1}"
213,"{'skill': <class 'nmmo.systems.skill.Herbalism'>, 'level': 9, 'num_agent': 1}"
214,"{'skill': <class 'nmmo.systems.skill.Herbalism'>, 'exp': 50}"
215,"{'skill': <class 'nmmo.systems.skill.Herbalism'>, 'exp': 100}"
216,"{'skill': <class 'nmmo.systems.skill.Herbalism'>, 'exp': 150}"
217,"{'skill': <class 'nmmo.systems.skill.Herbalism'>, 'exp': 200}"
218,"{'skill': <class 'nmmo.systems.skill.Herbalism'>, 'exp': 300}"
219,"{'skill': <class 'nmmo.systems.skill.Herbalism'>, 'exp': 500}"
220,"{'skill': <class 'nmmo.systems.skill.Herbalism'>, 'exp': 700}"
221,"{'skill': <class 'nmmo.systems.skill.Prospecting'>, 'level': 3, 'num_agent': 1}"
222,"{'skill': <class 'nmmo.systems.skill.Prospecting'>, 'level': 4, 'num_agent': 1}"
223,"{'skill': <class 'nmmo.systems.skill.Prospecting'>, 'level': 5, 'num_agent': 1}"
224,"{'skill': <class 'nmmo.systems.skill.Prospecting'>, 'level': 6, 'num_agent': 1}"
225,"{'skill': <class 'nmmo.systems.skill.Prospecting'>, 'level': 7, 'num_agent': 1}"
226,"{'skill': <class 'nmmo.systems.skill.Prospecting'>, 'level': 8, 'num_agent': 1}"
227,"{'skill': <class 'nmmo.systems.skill.Prospecting'>, 'level': 9, 'num_agent': 1}"
228,"{'skill': <class 'nmmo.systems.skill.Prospecting'>, 'exp': 50}"
229,"{'skill': <class 'nmmo.systems.skill.Prospecting'>, 'exp': 100}"
230,"{'skill': <class 'nmmo.systems.skill.Prospecting'>, 'exp': 150}"
231,"{'skill': <class 'nmmo.systems.skill.Prospecting'>, 'exp': 200}"
232,"{'skill': <class 'nmmo.systems.skill.Prospecting'>, 'exp': 300}"
233,"{'skill': <class 'nmmo.systems.skill.Prospecting'>, 'exp': 500}"
234,"{'skill': <class 'nmmo.systems.skill.Prospecting'>, 'exp': 700}"
235,"{'skill': <class 'nmmo.systems.skill.Alchemy'>, 'level': 3, 'num_agent': 1}"
236,"{'skill': <class 'nmmo.systems.skill.Alchemy'>, 'level': 4, 'num_agent': 1}"
237,"{'skill': <class 'nmmo.systems.skill.Alchemy'>, 'level': 5, 'num_agent': 1}"
238,"{'skill': <class 'nmmo.systems.skill.Alchemy'>, 'level': 6, 'num_agent': 1}"
239,"{'skill': <class 'nmmo.systems.skill.Alchemy'>, 'level': 7, 'num_agent': 1}"
240,"{'skill': <class 'nmmo.systems.skill.Alchemy'>, 'level': 8, 'num_agent': 1}"
241,"{'skill': <class 'nmmo.systems.skill.Alchemy'>, 'level': 9, 'num_agent': 1}"
242,"{'skill': <class 'nmmo.systems.skill.Alchemy'>, 'exp': 50}"
243,"{'skill': <class 'nmmo.systems.skill.Alchemy'>, 'exp': 100}"
244,"{'skill': <class 'nmmo.systems.skill.Alchemy'>, 'exp': 150}"
245,"{'skill': <class 'nmmo.systems.skill.Alchemy'>, 'exp': 200}"
246,"{'skill': <class 'nmmo.systems.skill.Alchemy'>, 'exp': 300}"
247,"{'skill': <class 'nmmo.systems.skill.Alchemy'>, 'exp': 500}"
248,"{'skill': <class 'nmmo.systems.skill.Alchemy'>, 'exp': 700}"
249,"{'skill': <class 'nmmo.systems.skill.Carving'>, 'level': 3, 'num_agent': 1}"
250,"{'skill': <class 'nmmo.systems.skill.Carving'>, 'level': 4, 'num_agent': 1}"
251,"{'skill': <class 'nmmo.systems.skill.Carving'>, 'level': 5, 'num_agent': 1}"
252,"{'skill': <class 'nmmo.systems.skill.Carving'>, 'level': 6, 'num_agent': 1}"
253,"{'skill': <class 'nmmo.systems.skill.Carving'>, 'level': 7, 'num_agent': 1}"
254,"{'skill': <class 'nmmo.systems.skill.Carving'>, 'level': 8, 'num_agent': 1}"
255,"{'skill': <class 'nmmo.systems.skill.Carving'>, 'level': 9, 'num_agent': 1}"
256,"{'skill': <class 'nmmo.systems.skill.Carving'>, 'exp': 50}"
257,"{'skill': <class 'nmmo.systems.skill.Carving'>, 'exp': 100}"
258,"{'skill': <class 'nmmo.systems.skill.Carving'>, 'exp': 150}"
259,"{'skill': <class 'nmmo.systems.skill.Carving'>, 'exp': 200}"
260,"{'skill': <class 'nmmo.systems.skill.Carving'>, 'exp': 300}"
261,"{'skill': <class 'nmmo.systems.skill.Carving'>, 'exp': 500}"
262,"{'skill': <class 'nmmo.systems.skill.Carving'>, 'exp': 700}"
263,{'num_tick': 50}
264,{'num_tick': 100}
265,{'num_tick': 150}
266,{'num_tick': 200}
267,{'num_tick': 300}
268,{'num_tick': 500}
269,{'num_tick': 700}
270,"{'row': 80, 'col': 80}"
271,{'target': 'left_team_leader'}
272,{'target': 'right_team_leader'}
273,{'target': 'left_team'}
274,{'target': 'right_team'}
275,"{'combat_style': <class 'nmmo.systems.skill.Melee'>, 'N': 1}"
276,"{'combat_style': <class 'nmmo.systems.skill.Melee'>, 'N': 2}"
277,"{'combat_style': <class 'nmmo.systems.skill.Melee'>, 'N': 3}"
278,"{'combat_style': <class 'nmmo.systems.skill.Melee'>, 'N': 5}"
279,"{'combat_style': <class 'nmmo.systems.skill.Melee'>, 'N': 7}"
280,"{'combat_style': <class 'nmmo.systems.skill.Melee'>, 'N': 9}"
281,"{'combat_style': <class 'nmmo.systems.skill.Melee'>, 'N': 12}"
282,"{'combat_style': <class 'nmmo.systems.skill.Melee'>, 'N': 15}"
283,"{'combat_style': <class 'nmmo.systems.skill.Melee'>, 'N': 20}"
284,"{'combat_style': <class 'nmmo.systems.skill.Melee'>, 'N': 30}"
285,"{'combat_style': <class 'nmmo.systems.skill.Melee'>, 'N': 50}"
286,"{'combat_style': <class 'nmmo.systems.skill.Mage'>, 'N': 1}"
287,"{'combat_style': <class 'nmmo.systems.skill.Mage'>, 'N': 2}"
288,"{'combat_style': <class 'nmmo.systems.skill.Mage'>, 'N': 3}"
289,"{'combat_style': <class 'nmmo.systems.skill.Mage'>, 'N': 5}"
290,"{'combat_style': <class 'nmmo.systems.skill.Mage'>, 'N': 7}"
291,"{'combat_style': <class 'nmmo.systems.skill.Mage'>, 'N': 9}"
292,"{'combat_style': <class 'nmmo.systems.skill.Mage'>, 'N': 12}"
293,"{'combat_style': <class 'nmmo.systems.skill.Mage'>, 'N': 15}"
294,"{'combat_style': <class 'nmmo.systems.skill.Mage'>, 'N': 20}"
295,"{'combat_style': <class 'nmmo.systems.skill.Mage'>, 'N': 30}"
296,"{'combat_style': <class 'nmmo.systems.skill.Mage'>, 'N': 50}"
297,"{'combat_style': <class 'nmmo.systems.skill.Range'>, 'N': 1}"
298,"{'combat_style': <class 'nmmo.systems.skill.Range'>, 'N': 2}"
299,"{'combat_style': <class 'nmmo.systems.skill.Range'>, 'N': 3}"
300,"{'combat_style': <class 'nmmo.systems.skill.Range'>, 'N': 5}"
301,"{'combat_style': <class 'nmmo.systems.skill.Range'>, 'N': 7}"
302,"{'combat_style': <class 'nmmo.systems.skill.Range'>, 'N': 9}"
303,"{'combat_style': <class 'nmmo.systems.skill.Range'>, 'N': 12}"
304,"{'combat_style': <class 'nmmo.systems.skill.Range'>, 'N': 15}"
305,"{'combat_style': <class 'nmmo.systems.skill.Range'>, 'N': 20}"
306,"{'combat_style': <class 'nmmo.systems.skill.Range'>, 'N': 30}"
307,"{'combat_style': <class 'nmmo.systems.skill.Range'>, 'N': 50}"
308,{'amount': 1}
309,{'amount': 2}
310,{'amount': 3}
311,{'amount': 5}
312,{'amount': 7}
313,{'amount': 9}
314,{'amount': 12}
315,{'amount': 15}
316,{'amount': 20}
317,{'amount': 30}
318,{'amount': 50}
319,{'amount': 1}
320,{'amount': 2}
321,{'amount': 3}
322,{'amount': 5}
323,{'amount': 7}
324,{'amount': 9}
325,{'amount': 12}
326,{'amount': 15}
327,{'amount': 20}
328,{'amount': 30}
329,{'amount': 50}
330,{'amount': 1}
331,{'amount': 2}
332,{'amount': 3}
333,{'amount': 5}
334,{'amount': 7}
335,{'amount': 9}
336,{'amount': 12}
337,{'amount': 15}
338,{'amount': 20}
339,{'amount': 30}
340,{'amount': 50}
341,{'amount': 1}
342,{'amount': 2}
343,{'amount': 3}
344,{'amount': 5}
345,{'amount': 7}
346,{'amount': 9}
347,{'amount': 12}
348,{'amount': 15}
349,{'amount': 20}
350,{'amount': 30}
351,{'amount': 50}
352,"{'space': 2, 'num_tick': 50}"
353,"{'space': 2, 'num_tick': 100}"
354,"{'space': 2, 'num_tick': 150}"
355,"{'space': 2, 'num_tick': 200}"
356,"{'space': 2, 'num_tick': 300}"
357,"{'space': 2, 'num_tick': 500}"
358,"{'space': 2, 'num_tick': 700}"
359,"{'space': 4, 'num_tick': 50}"
360,"{'space': 4, 'num_tick': 100}"
361,"{'space': 4, 'num_tick': 150}"
362,"{'space': 4, 'num_tick': 200}"
363,"{'space': 4, 'num_tick': 300}"
364,"{'space': 4, 'num_tick': 500}"
365,"{'space': 4, 'num_tick': 700}"
366,"{'space': 8, 'num_tick': 50}"
367,"{'space': 8, 'num_tick': 100}"
368,"{'space': 8, 'num_tick': 150}"
369,"{'space': 8, 'num_tick': 200}"
370,"{'space': 8, 'num_tick': 300}"
371,"{'space': 8, 'num_tick': 500}"
372,"{'space': 8, 'num_tick': 700}"
373,"{'item': <class 'nmmo.systems.item.Hat'>, 'level': 2, 'quantity': 1}"
374,"{'item': <class 'nmmo.systems.item.Hat'>, 'level': 2, 'quantity': 2}"
375,"{'item': <class 'nmmo.systems.item.Hat'>, 'level': 2, 'quantity': 3}"
376,"{'item': <class 'nmmo.systems.item.Hat'>, 'level': 2, 'quantity': 4}"
377,"{'item': <class 'nmmo.systems.item.Hat'>, 'level': 3, 'quantity': 1}"
378,"{'item': <class 'nmmo.systems.item.Hat'>, 'level': 3, 'quantity': 2}"
379,"{'item': <class 'nmmo.systems.item.Hat'>, 'level': 3, 'quantity': 3}"
380,"{'item': <class 'nmmo.systems.item.Hat'>, 'level': 4, 'quantity': 1}"
381,"{'item': <class 'nmmo.systems.item.Hat'>, 'level': 4, 'quantity': 2}"
382,"{'item': <class 'nmmo.systems.item.Hat'>, 'level': 5, 'quantity': 1}"
383,"{'item': <class 'nmmo.systems.item.Hat'>, 'level': 6, 'quantity': 1}"
384,"{'item': <class 'nmmo.systems.item.Hat'>, 'level': 7, 'quantity': 1}"
385,"{'item': <class 'nmmo.systems.item.Hat'>, 'level': 8, 'quantity': 1}"
386,"{'item': <class 'nmmo.systems.item.Hat'>, 'level': 9, 'quantity': 1}"
387,"{'item': <class 'nmmo.systems.item.Top'>, 'level': 2, 'quantity': 1}"
388,"{'item': <class 'nmmo.systems.item.Top'>, 'level': 2, 'quantity': 2}"
389,"{'item': <class 'nmmo.systems.item.Top'>, 'level': 2, 'quantity': 3}"
390,"{'item': <class 'nmmo.systems.item.Top'>, 'level': 2, 'quantity': 4}"
391,"{'item': <class 'nmmo.systems.item.Top'>, 'level': 3, 'quantity': 1}"
392,"{'item': <class 'nmmo.systems.item.Top'>, 'level': 3, 'quantity': 2}"
393,"{'item': <class 'nmmo.systems.item.Top'>, 'level': 3, 'quantity': 3}"
394,"{'item': <class 'nmmo.systems.item.Top'>, 'level': 4, 'quantity': 1}"
395,"{'item': <class 'nmmo.systems.item.Top'>, 'level': 4, 'quantity': 2}"
396,"{'item': <class 'nmmo.systems.item.Top'>, 'level': 5, 'quantity': 1}"
397,"{'item': <class 'nmmo.systems.item.Top'>, 'level': 6, 'quantity': 1}"
398,"{'item': <class 'nmmo.systems.item.Top'>, 'level': 7, 'quantity': 1}"
399,"{'item': <class 'nmmo.systems.item.Top'>, 'level': 8, 'quantity': 1}"
400,"{'item': <class 'nmmo.systems.item.Top'>, 'level': 9, 'quantity': 1}"
401,"{'item': <class 'nmmo.systems.item.Bottom'>, 'level': 2, 'quantity': 1}"
402,"{'item': <class 'nmmo.systems.item.Bottom'>, 'level': 2, 'quantity': 2}"
403,"{'item': <class 'nmmo.systems.item.Bottom'>, 'level': 2, 'quantity': 3}"
404,"{'item': <class 'nmmo.systems.item.Bottom'>, 'level': 2, 'quantity': 4}"
405,"{'item': <class 'nmmo.systems.item.Bottom'>, 'level': 3, 'quantity': 1}"
406,"{'item': <class 'nmmo.systems.item.Bottom'>, 'level': 3, 'quantity': 2}"
407,"{'item': <class 'nmmo.systems.item.Bottom'>, 'level': 3, 'quantity': 3}"
408,"{'item': <class 'nmmo.systems.item.Bottom'>, 'level': 4, 'quantity': 1}"
409,"{'item': <class 'nmmo.systems.item.Bottom'>, 'level': 4, 'quantity': 2}"
410,"{'item': <class 'nmmo.systems.item.Bottom'>, 'level': 5, 'quantity': 1}"
411,"{'item': <class 'nmmo.systems.item.Bottom'>, 'level': 6, 'quantity': 1}"
412,"{'item': <class 'nmmo.systems.item.Bottom'>, 'level': 7, 'quantity': 1}"
413,"{'item': <class 'nmmo.systems.item.Bottom'>, 'level': 8, 'quantity': 1}"
414,"{'item': <class 'nmmo.systems.item.Bottom'>, 'level': 9, 'quantity': 1}"
415,"{'item': <class 'nmmo.systems.item.Spear'>, 'level': 2, 'quantity': 1}"
416,"{'item': <class 'nmmo.systems.item.Spear'>, 'level': 2, 'quantity': 2}"
417,"{'item': <class 'nmmo.systems.item.Spear'>, 'level': 2, 'quantity': 3}"
418,"{'item': <class 'nmmo.systems.item.Spear'>, 'level': 2, 'quantity': 4}"
419,"{'item': <class 'nmmo.systems.item.Spear'>, 'level': 3, 'quantity': 1}"
420,"{'item': <class 'nmmo.systems.item.Spear'>, 'level': 3, 'quantity': 2}"
421,"{'item': <class 'nmmo.systems.item.Spear'>, 'level': 3, 'quantity': 3}"
422,"{'item': <class 'nmmo.systems.item.Spear'>, 'level': 4, 'quantity': 1}"
423,"{'item': <class 'nmmo.systems.item.Spear'>, 'level': 4, 'quantity': 2}"
424,"{'item': <class 'nmmo.systems.item.Spear'>, 'level': 5, 'quantity': 1}"
425,"{'item': <class 'nmmo.systems.item.Spear'>, 'level': 6, 'quantity': 1}"
426,"{'item': <class 'nmmo.systems.item.Spear'>, 'level': 7, 'quantity': 1}"
427,"{'item': <class 'nmmo.systems.item.Spear'>, 'level': 8, 'quantity': 1}"
428,"{'item': <class 'nmmo.systems.item.Spear'>, 'level': 9, 'quantity': 1}"
429,"{'item': <class 'nmmo.systems.item.Bow'>, 'level': 2, 'quantity': 1}"
430,"{'item': <class 'nmmo.systems.item.Bow'>, 'level': 2, 'quantity': 2}"
431,"{'item': <class 'nmmo.systems.item.Bow'>, 'level': 2, 'quantity': 3}"
432,"{'item': <class 'nmmo.systems.item.Bow'>, 'level': 2, 'quantity': 4}"
433,"{'item': <class 'nmmo.systems.item.Bow'>, 'level': 3, 'quantity': 1}"
434,"{'item': <class 'nmmo.systems.item.Bow'>, 'level': 3, 'quantity': 2}"
435,"{'item': <class 'nmmo.systems.item.Bow'>, 'level': 3, 'quantity': 3}"
436,"{'item': <class 'nmmo.systems.item.Bow'>, 'level': 4, 'quantity': 1}"
437,"{'item': <class 'nmmo.systems.item.Bow'>, 'level': 4, 'quantity': 2}"
438,"{'item': <class 'nmmo.systems.item.Bow'>, 'level': 5, 'quantity': 1}"
439,"{'item': <class 'nmmo.systems.item.Bow'>, 'level': 6, 'quantity': 1}"
440,"{'item': <class 'nmmo.systems.item.Bow'>, 'level': 7, 'quantity': 1}"
441,"{'item': <class 'nmmo.systems.item.Bow'>, 'level': 8, 'quantity': 1}"
442,"{'item': <class 'nmmo.systems.item.Bow'>, 'level': 9, 'quantity': 1}"
443,"{'item': <class 'nmmo.systems.item.Wand'>, 'level': 2, 'quantity': 1}"
444,"{'item': <class 'nmmo.systems.item.Wand'>, 'level': 2, 'quantity': 2}"
445,"{'item': <class 'nmmo.systems.item.Wand'>, 'level': 2, 'quantity': 3}"
446,"{'item': <class 'nmmo.systems.item.Wand'>, 'level': 2, 'quantity': 4}"
447,"{'item': <class 'nmmo.systems.item.Wand'>, 'level': 3, 'quantity': 1}"
448,"{'item': <class 'nmmo.systems.item.Wand'>, 'level': 3, 'quantity': 2}"
449,"{'item': <class 'nmmo.systems.item.Wand'>, 'level': 3, 'quantity': 3}"
450,"{'item': <class 'nmmo.systems.item.Wand'>, 'level': 4, 'quantity': 1}"
451,"{'item': <class 'nmmo.systems.item.Wand'>, 'level': 4, 'quantity': 2}"
452,"{'item': <class 'nmmo.systems.item.Wand'>, 'level': 5, 'quantity': 1}"
453,"{'item': <class 'nmmo.systems.item.Wand'>, 'level': 6, 'quantity': 1}"
454,"{'item': <class 'nmmo.systems.item.Wand'>, 'level': 7, 'quantity': 1}"
455,"{'item': <class 'nmmo.systems.item.Wand'>, 'level': 8, 'quantity': 1}"
456,"{'item': <class 'nmmo.systems.item.Wand'>, 'level': 9, 'quantity': 1}"
457,"{'item': <class 'nmmo.systems.item.Axe'>, 'level': 2, 'quantity': 1}"
458,"{'item': <class 'nmmo.systems.item.Axe'>, 'level': 2, 'quantity': 2}"
459,"{'item': <class 'nmmo.systems.item.Axe'>, 'level': 2, 'quantity': 3}"
460,"{'item': <class 'nmmo.systems.item.Axe'>, 'level': 2, 'quantity': 4}"
461,"{'item': <class 'nmmo.systems.item.Axe'>, 'level': 3, 'quantity': 1}"
462,"{'item': <class 'nmmo.systems.item.Axe'>, 'level': 3, 'quantity': 2}"
463,"{'item': <class 'nmmo.systems.item.Axe'>, 'level': 3, 'quantity': 3}"
464,"{'item': <class 'nmmo.systems.item.Axe'>, 'level': 4, 'quantity': 1}"
465,"{'item': <class 'nmmo.systems.item.Axe'>, 'level': 4, 'quantity': 2}"
466,"{'item': <class 'nmmo.systems.item.Axe'>, 'level': 5, 'quantity': 1}"
467,"{'item': <class 'nmmo.systems.item.Axe'>, 'level': 6, 'quantity': 1}"
468,"{'item': <class 'nmmo.systems.item.Axe'>, 'level': 7, 'quantity': 1}"
469,"{'item': <class 'nmmo.systems.item.Axe'>, 'level': 8, 'quantity': 1}"
470,"{'item': <class 'nmmo.systems.item.Axe'>, 'level': 9, 'quantity': 1}"
471,"{'item': <class 'nmmo.systems.item.Gloves'>, 'level': 2, 'quantity': 1}"
472,"{'item': <class 'nmmo.systems.item.Gloves'>, 'level': 2, 'quantity': 2}"
473,"{'item': <class 'nmmo.systems.item.Gloves'>, 'level': 2, 'quantity': 3}"
474,"{'item': <class 'nmmo.systems.item.Gloves'>, 'level': 2, 'quantity': 4}"
475,"{'item': <class 'nmmo.systems.item.Gloves'>, 'level': 3, 'quantity': 1}"
476,"{'item': <class 'nmmo.systems.item.Gloves'>, 'level': 3, 'quantity': 2}"
477,"{'item': <class 'nmmo.systems.item.Gloves'>, 'level': 3, 'quantity': 3}"
478,"{'item': <class 'nmmo.systems.item.Gloves'>, 'level': 4, 'quantity': 1}"
479,"{'item': <class 'nmmo.systems.item.Gloves'>, 'level': 4, 'quantity': 2}"
480,"{'item': <class 'nmmo.systems.item.Gloves'>, 'level': 5, 'quantity': 1}"
481,"{'item': <class 'nmmo.systems.item.Gloves'>, 'level': 6, 'quantity': 1}"
482,"{'item': <class 'nmmo.systems.item.Gloves'>, 'level': 7, 'quantity': 1}"
483,"{'item': <class 'nmmo.systems.item.Gloves'>, 'level': 8, 'quantity': 1}"
484,"{'item': <class 'nmmo.systems.item.Gloves'>, 'level': 9, 'quantity': 1}"
485,"{'item': <class 'nmmo.systems.item.Rod'>, 'level': 2, 'quantity': 1}"
486,"{'item': <class 'nmmo.systems.item.Rod'>, 'level': 2, 'quantity': 2}"
487,"{'item': <class 'nmmo.systems.item.Rod'>, 'level': 2, 'quantity': 3}"
488,"{'item': <class 'nmmo.systems.item.Rod'>, 'level': 2, 'quantity': 4}"
489,"{'item': <class 'nmmo.systems.item.Rod'>, 'level': 3, 'quantity': 1}"
490,"{'item': <class 'nmmo.systems.item.Rod'>, 'level': 3, 'quantity': 2}"
491,"{'item': <class 'nmmo.systems.item.Rod'>, 'level': 3, 'quantity': 3}"
492,"{'item': <class 'nmmo.systems.item.Rod'>, 'level': 4, 'quantity': 1}"
493,"{'item': <class 'nmmo.systems.item.Rod'>, 'level': 4, 'quantity': 2}"
494,"{'item': <class 'nmmo.systems.item.Rod'>, 'level': 5, 'quantity': 1}"
495,"{'item': <class 'nmmo.systems.item.Rod'>, 'level': 6, 'quantity': 1}"
496,"{'item': <class 'nmmo.systems.item.Rod'>, 'level': 7, 'quantity': 1}"
497,"{'item': <class 'nmmo.systems.item.Rod'>, 'level': 8, 'quantity': 1}"
498,"{'item': <class 'nmmo.systems.item.Rod'>, 'level': 9, 'quantity': 1}"
499,"{'item': <class 'nmmo.systems.item.Pickaxe'>, 'level': 2, 'quantity': 1}"
500,"{'item': <class 'nmmo.systems.item.Pickaxe'>, 'level': 2, 'quantity': 2}"
501,"{'item': <class 'nmmo.systems.item.Pickaxe'>, 'level': 2, 'quantity': 3}"
502,"{'item': <class 'nmmo.systems.item.Pickaxe'>, 'level': 2, 'quantity': 4}"
503,"{'item': <class 'nmmo.systems.item.Pickaxe'>, 'level': 3, 'quantity': 1}"
504,"{'item': <class 'nmmo.systems.item.Pickaxe'>, 'level': 3, 'quantity': 2}"
505,"{'item': <class 'nmmo.systems.item.Pickaxe'>, 'level': 3, 'quantity': 3}"
506,"{'item': <class 'nmmo.systems.item.Pickaxe'>, 'level': 4, 'quantity': 1}"
507,"{'item': <class 'nmmo.systems.item.Pickaxe'>, 'level': 4, 'quantity': 2}"
508,"{'item': <class 'nmmo.systems.item.Pickaxe'>, 'level': 5, 'quantity': 1}"
509,"{'item': <class 'nmmo.systems.item.Pickaxe'>, 'level': 6, 'quantity': 1}"
510,"{'item': <class 'nmmo.systems.item.Pickaxe'>, 'level': 7, 'quantity': 1}"
511,"{'item': <class 'nmmo.systems.item.Pickaxe'>, 'level': 8, 'quantity': 1}"
512,"{'item': <class 'nmmo.systems.item.Pickaxe'>, 'level': 9, 'quantity': 1}"
513,"{'item': <class 'nmmo.systems.item.Chisel'>, 'level': 2, 'quantity': 1}"
514,"{'item': <class 'nmmo.systems.item.Chisel'>, 'level': 2, 'quantity': 2}"
515,"{'item': <class 'nmmo.systems.item.Chisel'>, 'level': 2, 'quantity': 3}"
516,"{'item': <class 'nmmo.systems.item.Chisel'>, 'level': 2, 'quantity': 4}"
517,"{'item': <class 'nmmo.systems.item.Chisel'>, 'level': 3, 'quantity': 1}"
518,"{'item': <class 'nmmo.systems.item.Chisel'>, 'level': 3, 'quantity': 2}"
519,"{'item': <class 'nmmo.systems.item.Chisel'>, 'level': 3, 'quantity': 3}"
520,"{'item': <class 'nmmo.systems.item.Chisel'>, 'level': 4, 'quantity': 1}"
521,"{'item': <class 'nmmo.systems.item.Chisel'>, 'level': 4, 'quantity': 2}"
522,"{'item': <class 'nmmo.systems.item.Chisel'>, 'level': 5, 'quantity': 1}"
523,"{'item': <class 'nmmo.systems.item.Chisel'>, 'level': 6, 'quantity': 1}"
524,"{'item': <class 'nmmo.systems.item.Chisel'>, 'level': 7, 'quantity': 1}"
525,"{'item': <class 'nmmo.systems.item.Chisel'>, 'level': 8, 'quantity': 1}"
526,"{'item': <class 'nmmo.systems.item.Chisel'>, 'level': 9, 'quantity': 1}"
527,"{'item': <class 'nmmo.systems.item.Runes'>, 'level': 2, 'quantity': 1}"
528,"{'item': <class 'nmmo.systems.item.Runes'>, 'level': 2, 'quantity': 2}"
529,"{'item': <class 'nmmo.systems.item.Runes'>, 'level': 2, 'quantity': 3}"
530,"{'item': <class 'nmmo.systems.item.Runes'>, 'level': 2, 'quantity': 4}"
531,"{'item': <class 'nmmo.systems.item.Runes'>, 'level': 3, 'quantity': 1}"
532,"{'item': <class 'nmmo.systems.item.Runes'>, 'level': 3, 'quantity': 2}"
533,"{'item': <class 'nmmo.systems.item.Runes'>, 'level': 3, 'quantity': 3}"
534,"{'item': <class 'nmmo.systems.item.Runes'>, 'level': 4, 'quantity': 1}"
535,"{'item': <class 'nmmo.systems.item.Runes'>, 'level': 4, 'quantity': 2}"
536,"{'item': <class 'nmmo.systems.item.Runes'>, 'level': 5, 'quantity': 1}"
537,"{'item': <class 'nmmo.systems.item.Runes'>, 'level': 6, 'quantity': 1}"
538,"{'item': <class 'nmmo.systems.item.Runes'>, 'level': 7, 'quantity': 1}"
539,"{'item': <class 'nmmo.systems.item.Runes'>, 'level': 8, 'quantity': 1}"
540,"{'item': <class 'nmmo.systems.item.Runes'>, 'level': 9, 'quantity': 1}"
541,"{'item': <class 'nmmo.systems.item.Arrow'>, 'level': 2, 'quantity': 1}"
542,"{'item': <class 'nmmo.systems.item.Arrow'>, 'level': 2, 'quantity': 2}"
543,"{'item': <class 'nmmo.systems.item.Arrow'>, 'level': 2, 'quantity': 3}"
544,"{'item': <class 'nmmo.systems.item.Arrow'>, 'level': 2, 'quantity': 4}"
545,"{'item': <class 'nmmo.systems.item.Arrow'>, 'level': 3, 'quantity': 1}"
546,"{'item': <class 'nmmo.systems.item.Arrow'>, 'level': 3, 'quantity': 2}"
547,"{'item': <class 'nmmo.systems.item.Arrow'>, 'level': 3, 'quantity': 3}"
548,"{'item': <class 'nmmo.systems.item.Arrow'>, 'level': 4, 'quantity': 1}"
549,"{'item': <class 'nmmo.systems.item.Arrow'>, 'level': 4, 'quantity': 2}"
550,"{'item': <class 'nmmo.systems.item.Arrow'>, 'level': 5, 'quantity': 1}"
551,"{'item': <class 'nmmo.systems.item.Arrow'>, 'level': 6, 'quantity': 1}"
552,"{'item': <class 'nmmo.systems.item.Arrow'>, 'level': 7, 'quantity': 1}"
553,"{'item': <class 'nmmo.systems.item.Arrow'>, 'level': 8, 'quantity': 1}"
554,"{'item': <class 'nmmo.systems.item.Arrow'>, 'level': 9, 'quantity': 1}"
555,"{'item': <class 'nmmo.systems.item.Whetstone'>, 'level': 2, 'quantity': 1}"
556,"{'item': <class 'nmmo.systems.item.Whetstone'>, 'level': 2, 'quantity': 2}"
557,"{'item': <class 'nmmo.systems.item.Whetstone'>, 'level': 2, 'quantity': 3}"
558,"{'item': <class 'nmmo.systems.item.Whetstone'>, 'level': 2, 'quantity': 4}"
559,"{'item': <class 'nmmo.systems.item.Whetstone'>, 'level': 3, 'quantity': 1}"
560,"{'item': <class 'nmmo.systems.item.Whetstone'>, 'level': 3, 'quantity': 2}"
561,"{'item': <class 'nmmo.systems.item.Whetstone'>, 'level': 3, 'quantity': 3}"
562,"{'item': <class 'nmmo.systems.item.Whetstone'>, 'level': 4, 'quantity': 1}"
563,"{'item': <class 'nmmo.systems.item.Whetstone'>, 'level': 4, 'quantity': 2}"
564,"{'item': <class 'nmmo.systems.item.Whetstone'>, 'level': 5, 'quantity': 1}"
565,"{'item': <class 'nmmo.systems.item.Whetstone'>, 'level': 6, 'quantity': 1}"
566,"{'item': <class 'nmmo.systems.item.Whetstone'>, 'level': 7, 'quantity': 1}"
567,"{'item': <class 'nmmo.systems.item.Whetstone'>, 'level': 8, 'quantity': 1}"
568,"{'item': <class 'nmmo.systems.item.Whetstone'>, 'level': 9, 'quantity': 1}"
569,"{'item': <class 'nmmo.systems.item.Potion'>, 'level': 2, 'quantity': 1}"
570,"{'item': <class 'nmmo.systems.item.Potion'>, 'level': 2, 'quantity': 2}"
571,"{'item': <class 'nmmo.systems.item.Potion'>, 'level': 2, 'quantity': 3}"
572,"{'item': <class 'nmmo.systems.item.Potion'>, 'level': 2, 'quantity': 4}"
573,"{'item': <class 'nmmo.systems.item.Potion'>, 'level': 3, 'quantity': 1}"
574,"{'item': <class 'nmmo.systems.item.Potion'>, 'level': 3, 'quantity': 2}"
575,"{'item': <class 'nmmo.systems.item.Potion'>, 'level': 3, 'quantity': 3}"
576,"{'item': <class 'nmmo.systems.item.Potion'>, 'level': 4, 'quantity': 1}"
577,"{'item': <class 'nmmo.systems.item.Potion'>, 'level': 4, 'quantity': 2}"
578,"{'item': <class 'nmmo.systems.item.Potion'>, 'level': 5, 'quantity': 1}"
579,"{'item': <class 'nmmo.systems.item.Potion'>, 'level': 6, 'quantity': 1}"
580,"{'item': <class 'nmmo.systems.item.Potion'>, 'level': 7, 'quantity': 1}"
581,"{'item': <class 'nmmo.systems.item.Potion'>, 'level': 8, 'quantity': 1}"
582,"{'item': <class 'nmmo.systems.item.Potion'>, 'level': 9, 'quantity': 1}"
583,"{'item': <class 'nmmo.systems.item.Ration'>, 'level': 2, 'quantity': 1}"
584,"{'item': <class 'nmmo.systems.item.Ration'>, 'level': 2, 'quantity': 2}"
585,"{'item': <class 'nmmo.systems.item.Ration'>, 'level': 2, 'quantity': 3}"
586,"{'item': <class 'nmmo.systems.item.Ration'>, 'level': 2, 'quantity': 4}"
587,"{'item': <class 'nmmo.systems.item.Ration'>, 'level': 3, 'quantity': 1}"
588,"{'item': <class 'nmmo.systems.item.Ration'>, 'level': 3, 'quantity': 2}"
589,"{'item': <class 'nmmo.systems.item.Ration'>, 'level': 3, 'quantity': 3}"
590,"{'item': <class 'nmmo.systems.item.Ration'>, 'level': 4, 'quantity': 1}"
591,"{'item': <class 'nmmo.systems.item.Ration'>, 'level': 4, 'quantity': 2}"
592,"{'item': <class 'nmmo.systems.item.Ration'>, 'level': 5, 'quantity': 1}"
593,"{'item': <class 'nmmo.systems.item.Ration'>, 'level': 6, 'quantity': 1}"
594,"{'item': <class 'nmmo.systems.item.Ration'>, 'level': 7, 'quantity': 1}"
595,"{'item': <class 'nmmo.systems.item.Ration'>, 'level': 8, 'quantity': 1}"
596,"{'item': <class 'nmmo.systems.item.Ration'>, 'level': 9, 'quantity': 1}"
597,"{'item': <class 'nmmo.systems.item.Hat'>, 'level': 2, 'num_agent': 1}"
598,"{'item': <class 'nmmo.systems.item.Hat'>, 'level': 3, 'num_agent': 1}"
599,"{'item': <class 'nmmo.systems.item.Hat'>, 'level': 4, 'num_agent': 1}"
600,"{'item': <class 'nmmo.systems.item.Hat'>, 'level': 5, 'num_agent': 1}"
601,"{'item': <class 'nmmo.systems.item.Hat'>, 'level': 6, 'num_agent': 1}"
602,"{'item': <class 'nmmo.systems.item.Hat'>, 'level': 7, 'num_agent': 1}"
603,"{'item': <class 'nmmo.systems.item.Hat'>, 'level': 8, 'num_agent': 1}"
604,"{'item': <class 'nmmo.systems.item.Hat'>, 'level': 9, 'num_agent': 1}"
605,"{'item': <class 'nmmo.systems.item.Top'>, 'level': 2, 'num_agent': 1}"
606,"{'item': <class 'nmmo.systems.item.Top'>, 'level': 3, 'num_agent': 1}"
607,"{'item': <class 'nmmo.systems.item.Top'>, 'level': 4, 'num_agent': 1}"
608,"{'item': <class 'nmmo.systems.item.Top'>, 'level': 5, 'num_agent': 1}"
609,"{'item': <class 'nmmo.systems.item.Top'>, 'level': 6, 'num_agent': 1}"
610,"{'item': <class 'nmmo.systems.item.Top'>, 'level': 7, 'num_agent': 1}"
611,"{'item': <class 'nmmo.systems.item.Top'>, 'level': 8, 'num_agent': 1}"
612,"{'item': <class 'nmmo.systems.item.Top'>, 'level': 9, 'num_agent': 1}"
613,"{'item': <class 'nmmo.systems.item.Bottom'>, 'level': 2, 'num_agent': 1}"
614,"{'item': <class 'nmmo.systems.item.Bottom'>, 'level': 3, 'num_agent': 1}"
615,"{'item': <class 'nmmo.systems.item.Bottom'>, 'level': 4, 'num_agent': 1}"
616,"{'item': <class 'nmmo.systems.item.Bottom'>, 'level': 5, 'num_agent': 1}"
617,"{'item': <class 'nmmo.systems.item.Bottom'>, 'level': 6, 'num_agent': 1}"
618,"{'item': <class 'nmmo.systems.item.Bottom'>, 'level': 7, 'num_agent': 1}"
619,"{'item': <class 'nmmo.systems.item.Bottom'>, 'level': 8, 'num_agent': 1}"
620,"{'item': <class 'nmmo.systems.item.Bottom'>, 'level': 9, 'num_agent': 1}"
621,"{'item': <class 'nmmo.systems.item.Spear'>, 'level': 2, 'num_agent': 1}"
622,"{'item': <class 'nmmo.systems.item.Spear'>, 'level': 3, 'num_agent': 1}"
623,"{'item': <class 'nmmo.systems.item.Spear'>, 'level': 4, 'num_agent': 1}"
624,"{'item': <class 'nmmo.systems.item.Spear'>, 'level': 5, 'num_agent': 1}"
625,"{'item': <class 'nmmo.systems.item.Spear'>, 'level': 6, 'num_agent': 1}"
626,"{'item': <class 'nmmo.systems.item.Spear'>, 'level': 7, 'num_agent': 1}"
627,"{'item': <class 'nmmo.systems.item.Spear'>, 'level': 8, 'num_agent': 1}"
628,"{'item': <class 'nmmo.systems.item.Spear'>, 'level': 9, 'num_agent': 1}"
629,"{'item': <class 'nmmo.systems.item.Bow'>, 'level': 2, 'num_agent': 1}"
630,"{'item': <class 'nmmo.systems.item.Bow'>, 'level': 3, 'num_agent': 1}"
631,"{'item': <class 'nmmo.systems.item.Bow'>, 'level': 4, 'num_agent': 1}"
632,"{'item': <class 'nmmo.systems.item.Bow'>, 'level': 5, 'num_agent': 1}"
633,"{'item': <class 'nmmo.systems.item.Bow'>, 'level': 6, 'num_agent': 1}"
634,"{'item': <class 'nmmo.systems.item.Bow'>, 'level': 7, 'num_agent': 1}"
635,"{'item': <class 'nmmo.systems.item.Bow'>, 'level': 8, 'num_agent': 1}"
636,"{'item': <class 'nmmo.systems.item.Bow'>, 'level': 9, 'num_agent': 1}"
637,"{'item': <class 'nmmo.systems.item.Wand'>, 'level': 2, 'num_agent': 1}"
638,"{'item': <class 'nmmo.systems.item.Wand'>, 'level': 3, 'num_agent': 1}"
639,"{'item': <class 'nmmo.systems.item.Wand'>, 'level': 4, 'num_agent': 1}"
640,"{'item': <class 'nmmo.systems.item.Wand'>, 'level': 5, 'num_agent': 1}"
641,"{'item': <class 'nmmo.systems.item.Wand'>, 'level': 6, 'num_agent': 1}"
642,"{'item': <class 'nmmo.systems.item.Wand'>, 'level': 7, 'num_agent': 1}"
643,"{'item': <class 'nmmo.systems.item.Wand'>, 'level': 8, 'num_agent': 1}"
644,"{'item': <class 'nmmo.systems.item.Wand'>, 'level': 9, 'num_agent': 1}"
645,"{'item': <class 'nmmo.systems.item.Axe'>, 'level': 2, 'num_agent': 1}"
646,"{'item': <class 'nmmo.systems.item.Axe'>, 'level': 3, 'num_agent': 1}"
647,"{'item': <class 'nmmo.systems.item.Axe'>, 'level': 4, 'num_agent': 1}"
648,"{'item': <class 'nmmo.systems.item.Axe'>, 'level': 5, 'num_agent': 1}"
649,"{'item': <class 'nmmo.systems.item.Axe'>, 'level': 6, 'num_agent': 1}"
650,"{'item': <class 'nmmo.systems.item.Axe'>, 'level': 7, 'num_agent': 1}"
651,"{'item': <class 'nmmo.systems.item.Axe'>, 'level': 8, 'num_agent': 1}"
652,"{'item': <class 'nmmo.systems.item.Axe'>, 'level': 9, 'num_agent': 1}"
653,"{'item': <class 'nmmo.systems.item.Gloves'>, 'level': 2, 'num_agent': 1}"
654,"{'item': <class 'nmmo.systems.item.Gloves'>, 'level': 3, 'num_agent': 1}"
655,"{'item': <class 'nmmo.systems.item.Gloves'>, 'level': 4, 'num_agent': 1}"
656,"{'item': <class 'nmmo.systems.item.Gloves'>, 'level': 5, 'num_agent': 1}"
657,"{'item': <class 'nmmo.systems.item.Gloves'>, 'level': 6, 'num_agent': 1}"
658,"{'item': <class 'nmmo.systems.item.Gloves'>, 'level': 7, 'num_agent': 1}"
659,"{'item': <class 'nmmo.systems.item.Gloves'>, 'level': 8, 'num_agent': 1}"
660,"{'item': <class 'nmmo.systems.item.Gloves'>, 'level': 9, 'num_agent': 1}"
661,"{'item': <class 'nmmo.systems.item.Rod'>, 'level': 2, 'num_agent': 1}"
662,"{'item': <class 'nmmo.systems.item.Rod'>, 'level': 3, 'num_agent': 1}"
663,"{'item': <class 'nmmo.systems.item.Rod'>, 'level': 4, 'num_agent': 1}"
664,"{'item': <class 'nmmo.systems.item.Rod'>, 'level': 5, 'num_agent': 1}"
665,"{'item': <class 'nmmo.systems.item.Rod'>, 'level': 6, 'num_agent': 1}"
666,"{'item': <class 'nmmo.systems.item.Rod'>, 'level': 7, 'num_agent': 1}"
667,"{'item': <class 'nmmo.systems.item.Rod'>, 'level': 8, 'num_agent': 1}"
668,"{'item': <class 'nmmo.systems.item.Rod'>, 'level': 9, 'num_agent': 1}"
669,"{'item': <class 'nmmo.systems.item.Pickaxe'>, 'level': 2, 'num_agent': 1}"
670,"{'item': <class 'nmmo.systems.item.Pickaxe'>, 'level': 3, 'num_agent': 1}"
671,"{'item': <class 'nmmo.systems.item.Pickaxe'>, 'level': 4, 'num_agent': 1}"
672,"{'item': <class 'nmmo.systems.item.Pickaxe'>, 'level': 5, 'num_agent': 1}"
673,"{'item': <class 'nmmo.systems.item.Pickaxe'>, 'level': 6, 'num_agent': 1}"
674,"{'item': <class 'nmmo.systems.item.Pickaxe'>, 'level': 7, 'num_agent': 1}"
675,"{'item': <class 'nmmo.systems.item.Pickaxe'>, 'level': 8, 'num_agent': 1}"
676,"{'item': <class 'nmmo.systems.item.Pickaxe'>, 'level': 9, 'num_agent': 1}"
677,"{'item': <class 'nmmo.systems.item.Chisel'>, 'level': 2, 'num_agent': 1}"
678,"{'item': <class 'nmmo.systems.item.Chisel'>, 'level': 3, 'num_agent': 1}"
679,"{'item': <class 'nmmo.systems.item.Chisel'>, 'level': 4, 'num_agent': 1}"
680,"{'item': <class 'nmmo.systems.item.Chisel'>, 'level': 5, 'num_agent': 1}"
681,"{'item': <class 'nmmo.systems.item.Chisel'>, 'level': 6, 'num_agent': 1}"
682,"{'item': <class 'nmmo.systems.item.Chisel'>, 'level': 7, 'num_agent': 1}"
683,"{'item': <class 'nmmo.systems.item.Chisel'>, 'level': 8, 'num_agent': 1}"
684,"{'item': <class 'nmmo.systems.item.Chisel'>, 'level': 9, 'num_agent': 1}"
685,"{'item': <class 'nmmo.systems.item.Runes'>, 'level': 2, 'num_agent': 1}"
686,"{'item': <class 'nmmo.systems.item.Runes'>, 'level': 3, 'num_agent': 1}"
687,"{'item': <class 'nmmo.systems.item.Runes'>, 'level': 4, 'num_agent': 1}"
688,"{'item': <class 'nmmo.systems.item.Runes'>, 'level': 5, 'num_agent': 1}"
689,"{'item': <class 'nmmo.systems.item.Runes'>, 'level': 6, 'num_agent': 1}"
690,"{'item': <class 'nmmo.systems.item.Runes'>, 'level': 7, 'num_agent': 1}"
691,"{'item': <class 'nmmo.systems.item.Runes'>, 'level': 8, 'num_agent': 1}"
692,"{'item': <class 'nmmo.systems.item.Runes'>, 'level': 9, 'num_agent': 1}"
693,"{'item': <class 'nmmo.systems.item.Arrow'>, 'level': 2, 'num_agent': 1}"
694,"{'item': <class 'nmmo.systems.item.Arrow'>, 'level': 3, 'num_agent': 1}"
695,"{'item': <class 'nmmo.systems.item.Arrow'>, 'level': 4, 'num_agent': 1}"
696,"{'item': <class 'nmmo.systems.item.Arrow'>, 'level': 5, 'num_agent': 1}"
697,"{'item': <class 'nmmo.systems.item.Arrow'>, 'level': 6, 'num_agent': 1}"
698,"{'item': <class 'nmmo.systems.item.Arrow'>, 'level': 7, 'num_agent': 1}"
699,"{'item': <class 'nmmo.systems.item.Arrow'>, 'level': 8, 'num_agent': 1}"
700,"{'item': <class 'nmmo.systems.item.Arrow'>, 'level': 9, 'num_agent': 1}"
701,"{'item': <class 'nmmo.systems.item.Whetstone'>, 'level': 2, 'num_agent': 1}"
702,"{'item': <class 'nmmo.systems.item.Whetstone'>, 'level': 3, 'num_agent': 1}"
703,"{'item': <class 'nmmo.systems.item.Whetstone'>, 'level': 4, 'num_agent': 1}"
704,"{'item': <class 'nmmo.systems.item.Whetstone'>, 'level': 5, 'num_agent': 1}"
705,"{'item': <class 'nmmo.systems.item.Whetstone'>, 'level': 6, 'num_agent': 1}"
706,"{'item': <class 'nmmo.systems.item.Whetstone'>, 'level': 7, 'num_agent': 1}"
707,"{'item': <class 'nmmo.systems.item.Whetstone'>, 'level': 8, 'num_agent': 1}"
708,"{'item': <class 'nmmo.systems.item.Whetstone'>, 'level': 9, 'num_agent': 1}"
709,"{'item': <class 'nmmo.systems.item.Potion'>, 'level': 2, 'quantity': 1}"
710,"{'item': <class 'nmmo.systems.item.Potion'>, 'level': 2, 'quantity': 2}"
711,"{'item': <class 'nmmo.systems.item.Potion'>, 'level': 2, 'quantity': 3}"
712,"{'item': <class 'nmmo.systems.item.Potion'>, 'level': 2, 'quantity': 4}"
713,"{'item': <class 'nmmo.systems.item.Potion'>, 'level': 3, 'quantity': 1}"
714,"{'item': <class 'nmmo.systems.item.Potion'>, 'level': 3, 'quantity': 2}"
715,"{'item': <class 'nmmo.systems.item.Potion'>, 'level': 3, 'quantity': 3}"
716,"{'item': <class 'nmmo.systems.item.Potion'>, 'level': 4, 'quantity': 1}"
717,"{'item': <class 'nmmo.systems.item.Potion'>, 'level': 4, 'quantity': 2}"
718,"{'item': <class 'nmmo.systems.item.Potion'>, 'level': 5, 'quantity': 1}"
719,"{'item': <class 'nmmo.systems.item.Potion'>, 'level': 6, 'quantity': 1}"
720,"{'item': <class 'nmmo.systems.item.Potion'>, 'level': 7, 'quantity': 1}"
721,"{'item': <class 'nmmo.systems.item.Potion'>, 'level': 8, 'quantity': 1}"
722,"{'item': <class 'nmmo.systems.item.Potion'>, 'level': 9, 'quantity': 1}"
723,"{'item': <class 'nmmo.systems.item.Ration'>, 'level': 2, 'quantity': 1}"
724,"{'item': <class 'nmmo.systems.item.Ration'>, 'level': 2, 'quantity': 2}"
725,"{'item': <class 'nmmo.systems.item.Ration'>, 'level': 2, 'quantity': 3}"
726,"{'item': <class 'nmmo.systems.item.Ration'>, 'level': 2, 'quantity': 4}"
727,"{'item': <class 'nmmo.systems.item.Ration'>, 'level': 3, 'quantity': 1}"
728,"{'item': <class 'nmmo.systems.item.Ration'>, 'level': 3, 'quantity': 2}"
729,"{'item': <class 'nmmo.systems.item.Ration'>, 'level': 3, 'quantity': 3}"
730,"{'item': <class 'nmmo.systems.item.Ration'>, 'level': 4, 'quantity': 1}"
731,"{'item': <class 'nmmo.systems.item.Ration'>, 'level': 4, 'quantity': 2}"
732,"{'item': <class 'nmmo.systems.item.Ration'>, 'level': 5, 'quantity': 1}"
733,"{'item': <class 'nmmo.systems.item.Ration'>, 'level': 6, 'quantity': 1}"
734,"{'item': <class 'nmmo.systems.item.Ration'>, 'level': 7, 'quantity': 1}"
735,"{'item': <class 'nmmo.systems.item.Ration'>, 'level': 8, 'quantity': 1}"
736,"{'item': <class 'nmmo.systems.item.Ration'>, 'level': 9, 'quantity': 1}"
737,"{'item': <class 'nmmo.systems.item.Spear'>, 'level': 2, 'quantity': 1}"
738,"{'item': <class 'nmmo.systems.item.Spear'>, 'level': 2, 'quantity': 2}"
739,"{'item': <class 'nmmo.systems.item.Spear'>, 'level': 2, 'quantity': 3}"
740,"{'item': <class 'nmmo.systems.item.Spear'>, 'level': 2, 'quantity': 4}"
741,"{'item': <class 'nmmo.systems.item.Spear'>, 'level': 3, 'quantity': 1}"
742,"{'item': <class 'nmmo.systems.item.Spear'>, 'level': 3, 'quantity': 2}"
743,"{'item': <class 'nmmo.systems.item.Spear'>, 'level': 3, 'quantity': 3}"
744,"{'item': <class 'nmmo.systems.item.Spear'>, 'level': 4, 'quantity': 1}"
745,"{'item': <class 'nmmo.systems.item.Spear'>, 'level': 4, 'quantity': 2}"
746,"{'item': <class 'nmmo.systems.item.Spear'>, 'level': 5, 'quantity': 1}"
747,"{'item': <class 'nmmo.systems.item.Spear'>, 'level': 6, 'quantity': 1}"
748,"{'item': <class 'nmmo.systems.item.Spear'>, 'level': 7, 'quantity': 1}"
749,"{'item': <class 'nmmo.systems.item.Spear'>, 'level': 8, 'quantity': 1}"
750,"{'item': <class 'nmmo.systems.item.Spear'>, 'level': 9, 'quantity': 1}"
751,"{'item': <class 'nmmo.systems.item.Bow'>, 'level': 2, 'quantity': 1}"
752,"{'item': <class 'nmmo.systems.item.Bow'>, 'level': 2, 'quantity': 2}"
753,"{'item': <class 'nmmo.systems.item.Bow'>, 'level': 2, 'quantity': 3}"
754,"{'item': <class 'nmmo.systems.item.Bow'>, 'level': 2, 'quantity': 4}"
755,"{'item': <class 'nmmo.systems.item.Bow'>, 'level': 3, 'quantity': 1}"
756,"{'item': <class 'nmmo.systems.item.Bow'>, 'level': 3, 'quantity': 2}"
757,"{'item': <class 'nmmo.systems.item.Bow'>, 'level': 3, 'quantity': 3}"
758,"{'item': <class 'nmmo.systems.item.Bow'>, 'level': 4, 'quantity': 1}"
759,"{'item': <class 'nmmo.systems.item.Bow'>, 'level': 4, 'quantity': 2}"
760,"{'item': <class 'nmmo.systems.item.Bow'>, 'level': 5, 'quantity': 1}"
761,"{'item': <class 'nmmo.systems.item.Bow'>, 'level': 6, 'quantity': 1}"
762,"{'item': <class 'nmmo.systems.item.Bow'>, 'level': 7, 'quantity': 1}"
763,"{'item': <class 'nmmo.systems.item.Bow'>, 'level': 8, 'quantity': 1}"
764,"{'item': <class 'nmmo.systems.item.Bow'>, 'level': 9, 'quantity': 1}"
765,"{'item': <class 'nmmo.systems.item.Wand'>, 'level': 2, 'quantity': 1}"
766,"{'item': <class 'nmmo.systems.item.Wand'>, 'level': 2, 'quantity': 2}"
767,"{'item': <class 'nmmo.systems.item.Wand'>, 'level': 2, 'quantity': 3}"
768,"{'item': <class 'nmmo.systems.item.Wand'>, 'level': 2, 'quantity': 4}"
769,"{'item': <class 'nmmo.systems.item.Wand'>, 'level': 3, 'quantity': 1}"
770,"{'item': <class 'nmmo.systems.item.Wand'>, 'level': 3, 'quantity': 2}"
771,"{'item': <class 'nmmo.systems.item.Wand'>, 'level': 3, 'quantity': 3}"
772,"{'item': <class 'nmmo.systems.item.Wand'>, 'level': 4, 'quantity': 1}"
773,"{'item': <class 'nmmo.systems.item.Wand'>, 'level': 4, 'quantity': 2}"
774,"{'item': <class 'nmmo.systems.item.Wand'>, 'level': 5, 'quantity': 1}"
775,"{'item': <class 'nmmo.systems.item.Wand'>, 'level': 6, 'quantity': 1}"
776,"{'item': <class 'nmmo.systems.item.Wand'>, 'level': 7, 'quantity': 1}"
777,"{'item': <class 'nmmo.systems.item.Wand'>, 'level': 8, 'quantity': 1}"
778,"{'item': <class 'nmmo.systems.item.Wand'>, 'level': 9, 'quantity': 1}"
779,"{'item': <class 'nmmo.systems.item.Runes'>, 'level': 2, 'quantity': 1}"
780,"{'item': <class 'nmmo.systems.item.Runes'>, 'level': 2, 'quantity': 2}"
781,"{'item': <class 'nmmo.systems.item.Runes'>, 'level': 2, 'quantity': 3}"
782,"{'item': <class 'nmmo.systems.item.Runes'>, 'level': 2, 'quantity': 4}"
783,"{'item': <class 'nmmo.systems.item.Runes'>, 'level': 3, 'quantity': 1}"
784,"{'item': <class 'nmmo.systems.item.Runes'>, 'level': 3, 'quantity': 2}"
785,"{'item': <class 'nmmo.systems.item.Runes'>, 'level': 3, 'quantity': 3}"
786,"{'item': <class 'nmmo.systems.item.Runes'>, 'level': 4, 'quantity': 1}"
787,"{'item': <class 'nmmo.systems.item.Runes'>, 'level': 4, 'quantity': 2}"
788,"{'item': <class 'nmmo.systems.item.Runes'>, 'level': 5, 'quantity': 1}"
789,"{'item': <class 'nmmo.systems.item.Runes'>, 'level': 6, 'quantity': 1}"
790,"{'item': <class 'nmmo.systems.item.Runes'>, 'level': 7, 'quantity': 1}"
791,"{'item': <class 'nmmo.systems.item.Runes'>, 'level': 8, 'quantity': 1}"
792,"{'item': <class 'nmmo.systems.item.Runes'>, 'level': 9, 'quantity': 1}"
793,"{'item': <class 'nmmo.systems.item.Arrow'>, 'level': 2, 'quantity': 1}"
794,"{'item': <class 'nmmo.systems.item.Arrow'>, 'level': 2, 'quantity': 2}"
795,"{'item': <class 'nmmo.systems.item.Arrow'>, 'level': 2, 'quantity': 3}"
796,"{'item': <class 'nmmo.systems.item.Arrow'>, 'level': 2, 'quantity': 4}"
797,"{'item': <class 'nmmo.systems.item.Arrow'>, 'level': 3, 'quantity': 1}"
798,"{'item': <class 'nmmo.systems.item.Arrow'>, 'level': 3, 'quantity': 2}"
799,"{'item': <class 'nmmo.systems.item.Arrow'>, 'level': 3, 'quantity': 3}"
800,"{'item': <class 'nmmo.systems.item.Arrow'>, 'level': 4, 'quantity': 1}"
801,"{'item': <class 'nmmo.systems.item.Arrow'>, 'level': 4, 'quantity': 2}"
802,"{'item': <class 'nmmo.systems.item.Arrow'>, 'level': 5, 'quantity': 1}"
803,"{'item': <class 'nmmo.systems.item.Arrow'>, 'level': 6, 'quantity': 1}"
804,"{'item': <class 'nmmo.systems.item.Arrow'>, 'level': 7, 'quantity': 1}"
805,"{'item': <class 'nmmo.systems.item.Arrow'>, 'level': 8, 'quantity': 1}"
806,"{'item': <class 'nmmo.systems.item.Arrow'>, 'level': 9, 'quantity': 1}"
807,"{'item': <class 'nmmo.systems.item.Whetstone'>, 'level': 2, 'quantity': 1}"
808,"{'item': <class 'nmmo.systems.item.Whetstone'>, 'level': 2, 'quantity': 2}"
809,"{'item': <class 'nmmo.systems.item.Whetstone'>, 'level': 2, 'quantity': 3}"
810,"{'item': <class 'nmmo.systems.item.Whetstone'>, 'level': 2, 'quantity': 4}"
811,"{'item': <class 'nmmo.systems.item.Whetstone'>, 'level': 3, 'quantity': 1}"
812,"{'item': <class 'nmmo.systems.item.Whetstone'>, 'level': 3, 'quantity': 2}"
813,"{'item': <class 'nmmo.systems.item.Whetstone'>, 'level': 3, 'quantity': 3}"
814,"{'item': <class 'nmmo.systems.item.Whetstone'>, 'level': 4, 'quantity': 1}"
815,"{'item': <class 'nmmo.systems.item.Whetstone'>, 'level': 4, 'quantity': 2}"
816,"{'item': <class 'nmmo.systems.item.Whetstone'>, 'level': 5, 'quantity': 1}"
817,"{'item': <class 'nmmo.systems.item.Whetstone'>, 'level': 6, 'quantity': 1}"
818,"{'item': <class 'nmmo.systems.item.Whetstone'>, 'level': 7, 'quantity': 1}"
819,"{'item': <class 'nmmo.systems.item.Whetstone'>, 'level': 8, 'quantity': 1}"
820,"{'item': <class 'nmmo.systems.item.Whetstone'>, 'level': 9, 'quantity': 1}"
821,"{'item': <class 'nmmo.systems.item.Potion'>, 'level': 2, 'quantity': 1}"
822,"{'item': <class 'nmmo.systems.item.Potion'>, 'level': 2, 'quantity': 2}"
823,"{'item': <class 'nmmo.systems.item.Potion'>, 'level': 2, 'quantity': 3}"
824,"{'item': <class 'nmmo.systems.item.Potion'>, 'level': 2, 'quantity': 4}"
825,"{'item': <class 'nmmo.systems.item.Potion'>, 'level': 3, 'quantity': 1}"
826,"{'item': <class 'nmmo.systems.item.Potion'>, 'level': 3, 'quantity': 2}"
827,"{'item': <class 'nmmo.systems.item.Potion'>, 'level': 3, 'quantity': 3}"
828,"{'item': <class 'nmmo.systems.item.Potion'>, 'level': 4, 'quantity': 1}"
829,"{'item': <class 'nmmo.systems.item.Potion'>, 'level': 4, 'quantity': 2}"
830,"{'item': <class 'nmmo.systems.item.Potion'>, 'level': 5, 'quantity': 1}"
831,"{'item': <class 'nmmo.systems.item.Potion'>, 'level': 6, 'quantity': 1}"
832,"{'item': <class 'nmmo.systems.item.Potion'>, 'level': 7, 'quantity': 1}"
833,"{'item': <class 'nmmo.systems.item.Potion'>, 'level': 8, 'quantity': 1}"
834,"{'item': <class 'nmmo.systems.item.Potion'>, 'level': 9, 'quantity': 1}"
835,"{'item': <class 'nmmo.systems.item.Ration'>, 'level': 2, 'quantity': 1}"
836,"{'item': <class 'nmmo.systems.item.Ration'>, 'level': 2, 'quantity': 2}"
837,"{'item': <class 'nmmo.systems.item.Ration'>, 'level': 2, 'quantity': 3}"
838,"{'item': <class 'nmmo.systems.item.Ration'>, 'level': 2, 'quantity': 4}"
839,"{'item': <class 'nmmo.systems.item.Ration'>, 'level': 3, 'quantity': 1}"
840,"{'item': <class 'nmmo.systems.item.Ration'>, 'level': 3, 'quantity': 2}"
841,"{'item': <class 'nmmo.systems.item.Ration'>, 'level': 3, 'quantity': 3}"
842,"{'item': <class 'nmmo.systems.item.Ration'>, 'level': 4, 'quantity': 1}"
843,"{'item': <class 'nmmo.systems.item.Ration'>, 'level': 4, 'quantity': 2}"
844,"{'item': <class 'nmmo.systems.item.Ration'>, 'level': 5, 'quantity': 1}"
845,"{'item': <class 'nmmo.systems.item.Ration'>, 'level': 6, 'quantity': 1}"
846,"{'item': <class 'nmmo.systems.item.Ration'>, 'level': 7, 'quantity': 1}"
847,"{'item': <class 'nmmo.systems.item.Ration'>, 'level': 8, 'quantity': 1}"
848,"{'item': <class 'nmmo.systems.item.Ration'>, 'level': 9, 'quantity': 1}"
849,"{'item': <class 'nmmo.systems.item.Hat'>, 'level': 2, 'quantity': 1}"
850,"{'item': <class 'nmmo.systems.item.Hat'>, 'level': 2, 'quantity': 2}"
851,"{'item': <class 'nmmo.systems.item.Hat'>, 'level': 2, 'quantity': 3}"
852,"{'item': <class 'nmmo.systems.item.Hat'>, 'level': 2, 'quantity': 4}"
853,"{'item': <class 'nmmo.systems.item.Hat'>, 'level': 3, 'quantity': 1}"
854,"{'item': <class 'nmmo.systems.item.Hat'>, 'level': 3, 'quantity': 2}"
855,"{'item': <class 'nmmo.systems.item.Hat'>, 'level': 3, 'quantity': 3}"
856,"{'item': <class 'nmmo.systems.item.Hat'>, 'level': 4, 'quantity': 1}"
857,"{'item': <class 'nmmo.systems.item.Hat'>, 'level': 4, 'quantity': 2}"
858,"{'item': <class 'nmmo.systems.item.Hat'>, 'level': 5, 'quantity': 1}"
859,"{'item': <class 'nmmo.systems.item.Hat'>, 'level': 6, 'quantity': 1}"
860,"{'item': <class 'nmmo.systems.item.Hat'>, 'level': 7, 'quantity': 1}"
861,"{'item': <class 'nmmo.systems.item.Hat'>, 'level': 8, 'quantity': 1}"
862,"{'item': <class 'nmmo.systems.item.Hat'>, 'level': 9, 'quantity': 1}"
863,"{'item': <class 'nmmo.systems.item.Top'>, 'level': 2, 'quantity': 1}"
864,"{'item': <class 'nmmo.systems.item.Top'>, 'level': 2, 'quantity': 2}"
865,"{'item': <class 'nmmo.systems.item.Top'>, 'level': 2, 'quantity': 3}"
866,"{'item': <class 'nmmo.systems.item.Top'>, 'level': 2, 'quantity': 4}"
867,"{'item': <class 'nmmo.systems.item.Top'>, 'level': 3, 'quantity': 1}"
868,"{'item': <class 'nmmo.systems.item.Top'>, 'level': 3, 'quantity': 2}"
869,"{'item': <class 'nmmo.systems.item.Top'>, 'level': 3, 'quantity': 3}"
870,"{'item': <class 'nmmo.systems.item.Top'>, 'level': 4, 'quantity': 1}"
871,"{'item': <class 'nmmo.systems.item.Top'>, 'level': 4, 'quantity': 2}"
872,"{'item': <class 'nmmo.systems.item.Top'>, 'level': 5, 'quantity': 1}"
873,"{'item': <class 'nmmo.systems.item.Top'>, 'level': 6, 'quantity': 1}"
874,"{'item': <class 'nmmo.systems.item.Top'>, 'level': 7, 'quantity': 1}"
875,"{'item': <class 'nmmo.systems.item.Top'>, 'level': 8, 'quantity': 1}"
876,"{'item': <class 'nmmo.systems.item.Top'>, 'level': 9, 'quantity': 1}"
877,"{'item': <class 'nmmo.systems.item.Bottom'>, 'level': 2, 'quantity': 1}"
878,"{'item': <class 'nmmo.systems.item.Bottom'>, 'level': 2, 'quantity': 2}"
879,"{'item': <class 'nmmo.systems.item.Bottom'>, 'level': 2, 'quantity': 3}"
880,"{'item': <class 'nmmo.systems.item.Bottom'>, 'level': 2, 'quantity': 4}"
881,"{'item': <class 'nmmo.systems.item.Bottom'>, 'level': 3, 'quantity': 1}"
882,"{'item': <class 'nmmo.systems.item.Bottom'>, 'level': 3, 'quantity': 2}"
883,"{'item': <class 'nmmo.systems.item.Bottom'>, 'level': 3, 'quantity': 3}"
884,"{'item': <class 'nmmo.systems.item.Bottom'>, 'level': 4, 'quantity': 1}"
885,"{'item': <class 'nmmo.systems.item.Bottom'>, 'level': 4, 'quantity': 2}"
886,"{'item': <class 'nmmo.systems.item.Bottom'>, 'level': 5, 'quantity': 1}"
887,"{'item': <class 'nmmo.systems.item.Bottom'>, 'level': 6, 'quantity': 1}"
888,"{'item': <class 'nmmo.systems.item.Bottom'>, 'level': 7, 'quantity': 1}"
889,"{'item': <class 'nmmo.systems.item.Bottom'>, 'level': 8, 'quantity': 1}"
890,"{'item': <class 'nmmo.systems.item.Bottom'>, 'level': 9, 'quantity': 1}"
891,"{'item': <class 'nmmo.systems.item.Spear'>, 'level': 2, 'quantity': 1}"
892,"{'item': <class 'nmmo.systems.item.Spear'>, 'level': 2, 'quantity': 2}"
893,"{'item': <class 'nmmo.systems.item.Spear'>, 'level': 2, 'quantity': 3}"
894,"{'item': <class 'nmmo.systems.item.Spear'>, 'level': 2, 'quantity': 4}"
895,"{'item': <class 'nmmo.systems.item.Spear'>, 'level': 3, 'quantity': 1}"
896,"{'item': <class 'nmmo.systems.item.Spear'>, 'level': 3, 'quantity': 2}"
897,"{'item': <class 'nmmo.systems.item.Spear'>, 'level': 3, 'quantity': 3}"
898,"{'item': <class 'nmmo.systems.item.Spear'>, 'level': 4, 'quantity': 1}"
899,"{'item': <class 'nmmo.systems.item.Spear'>, 'level': 4, 'quantity': 2}"
900,"{'item': <class 'nmmo.systems.item.Spear'>, 'level': 5, 'quantity': 1}"
901,"{'item': <class 'nmmo.systems.item.Spear'>, 'level': 6, 'quantity': 1}"
902,"{'item': <class 'nmmo.systems.item.Spear'>, 'level': 7, 'quantity': 1}"
903,"{'item': <class 'nmmo.systems.item.Spear'>, 'level': 8, 'quantity': 1}"
904,"{'item': <class 'nmmo.systems.item.Spear'>, 'level': 9, 'quantity': 1}"
905,"{'item': <class 'nmmo.systems.item.Bow'>, 'level': 2, 'quantity': 1}"
906,"{'item': <class 'nmmo.systems.item.Bow'>, 'level': 2, 'quantity': 2}"
907,"{'item': <class 'nmmo.systems.item.Bow'>, 'level': 2, 'quantity': 3}"
908,"{'item': <class 'nmmo.systems.item.Bow'>, 'level': 2, 'quantity': 4}"
909,"{'item': <class 'nmmo.systems.item.Bow'>, 'level': 3, 'quantity': 1}"
910,"{'item': <class 'nmmo.systems.item.Bow'>, 'level': 3, 'quantity': 2}"
911,"{'item': <class 'nmmo.systems.item.Bow'>, 'level': 3, 'quantity': 3}"
912,"{'item': <class 'nmmo.systems.item.Bow'>, 'level': 4, 'quantity': 1}"
913,"{'item': <class 'nmmo.systems.item.Bow'>, 'level': 4, 'quantity': 2}"
914,"{'item': <class 'nmmo.systems.item.Bow'>, 'level': 5, 'quantity': 1}"
915,"{'item': <class 'nmmo.systems.item.Bow'>, 'level': 6, 'quantity': 1}"
916,"{'item': <class 'nmmo.systems.item.Bow'>, 'level': 7, 'quantity': 1}"
917,"{'item': <class 'nmmo.systems.item.Bow'>, 'level': 8, 'quantity': 1}"
918,"{'item': <class 'nmmo.systems.item.Bow'>, 'level': 9, 'quantity': 1}"
919,"{'item': <class 'nmmo.systems.item.Wand'>, 'level': 2, 'quantity': 1}"
920,"{'item': <class 'nmmo.systems.item.Wand'>, 'level': 2, 'quantity': 2}"
921,"{'item': <class 'nmmo.systems.item.Wand'>, 'level': 2, 'quantity': 3}"
922,"{'item': <class 'nmmo.systems.item.Wand'>, 'level': 2, 'quantity': 4}"
923,"{'item': <class 'nmmo.systems.item.Wand'>, 'level': 3, 'quantity': 1}"
924,"{'item': <class 'nmmo.systems.item.Wand'>, 'level': 3, 'quantity': 2}"
925,"{'item': <class 'nmmo.systems.item.Wand'>, 'level': 3, 'quantity': 3}"
926,"{'item': <class 'nmmo.systems.item.Wand'>, 'level': 4, 'quantity': 1}"
927,"{'item': <class 'nmmo.systems.item.Wand'>, 'level': 4, 'quantity': 2}"
928,"{'item': <class 'nmmo.systems.item.Wand'>, 'level': 5, 'quantity': 1}"
929,"{'item': <class 'nmmo.systems.item.Wand'>, 'level': 6, 'quantity': 1}"
930,"{'item': <class 'nmmo.systems.item.Wand'>, 'level': 7, 'quantity': 1}"
931,"{'item': <class 'nmmo.systems.item.Wand'>, 'level': 8, 'quantity': 1}"
932,"{'item': <class 'nmmo.systems.item.Wand'>, 'level': 9, 'quantity': 1}"
933,"{'item': <class 'nmmo.systems.item.Axe'>, 'level': 2, 'quantity': 1}"
934,"{'item': <class 'nmmo.systems.item.Axe'>, 'level': 2, 'quantity': 2}"
935,"{'item': <class 'nmmo.systems.item.Axe'>, 'level': 2, 'quantity': 3}"
936,"{'item': <class 'nmmo.systems.item.Axe'>, 'level': 2, 'quantity': 4}"
937,"{'item': <class 'nmmo.systems.item.Axe'>, 'level': 3, 'quantity': 1}"
938,"{'item': <class 'nmmo.systems.item.Axe'>, 'level': 3, 'quantity': 2}"
939,"{'item': <class 'nmmo.systems.item.Axe'>, 'level': 3, 'quantity': 3}"
940,"{'item': <class 'nmmo.systems.item.Axe'>, 'level': 4, 'quantity': 1}"
941,"{'item': <class 'nmmo.systems.item.Axe'>, 'level': 4, 'quantity': 2}"
942,"{'item': <class 'nmmo.systems.item.Axe'>, 'level': 5, 'quantity': 1}"
943,"{'item': <class 'nmmo.systems.item.Axe'>, 'level': 6, 'quantity': 1}"
944,"{'item': <class 'nmmo.systems.item.Axe'>, 'level': 7, 'quantity': 1}"
945,"{'item': <class 'nmmo.systems.item.Axe'>, 'level': 8, 'quantity': 1}"
946,"{'item': <class 'nmmo.systems.item.Axe'>, 'level': 9, 'quantity': 1}"
947,"{'item': <class 'nmmo.systems.item.Gloves'>, 'level': 2, 'quantity': 1}"
948,"{'item': <class 'nmmo.systems.item.Gloves'>, 'level': 2, 'quantity': 2}"
949,"{'item': <class 'nmmo.systems.item.Gloves'>, 'level': 2, 'quantity': 3}"
950,"{'item': <class 'nmmo.systems.item.Gloves'>, 'level': 2, 'quantity': 4}"
951,"{'item': <class 'nmmo.systems.item.Gloves'>, 'level': 3, 'quantity': 1}"
952,"{'item': <class 'nmmo.systems.item.Gloves'>, 'level': 3, 'quantity': 2}"
953,"{'item': <class 'nmmo.systems.item.Gloves'>, 'level': 3, 'quantity': 3}"
954,"{'item': <class 'nmmo.systems.item.Gloves'>, 'level': 4, 'quantity': 1}"
955,"{'item': <class 'nmmo.systems.item.Gloves'>, 'level': 4, 'quantity': 2}"
956,"{'item': <class 'nmmo.systems.item.Gloves'>, 'level': 5, 'quantity': 1}"
957,"{'item': <class 'nmmo.systems.item.Gloves'>, 'level': 6, 'quantity': 1}"
958,"{'item': <class 'nmmo.systems.item.Gloves'>, 'level': 7, 'quantity': 1}"
959,"{'item': <class 'nmmo.systems.item.Gloves'>, 'level': 8, 'quantity': 1}"
960,"{'item': <class 'nmmo.systems.item.Gloves'>, 'level': 9, 'quantity': 1}"
961,"{'item': <class 'nmmo.systems.item.Rod'>, 'level': 2, 'quantity': 1}"
962,"{'item': <class 'nmmo.systems.item.Rod'>, 'level': 2, 'quantity': 2}"
963,"{'item': <class 'nmmo.systems.item.Rod'>, 'level': 2, 'quantity': 3}"
964,"{'item': <class 'nmmo.systems.item.Rod'>, 'level': 2, 'quantity': 4}"
965,"{'item': <class 'nmmo.systems.item.Rod'>, 'level': 3, 'quantity': 1}"
966,"{'item': <class 'nmmo.systems.item.Rod'>, 'level': 3, 'quantity': 2}"
967,"{'item': <class 'nmmo.systems.item.Rod'>, 'level': 3, 'quantity': 3}"
968,"{'item': <class 'nmmo.systems.item.Rod'>, 'level': 4, 'quantity': 1}"
969,"{'item': <class 'nmmo.systems.item.Rod'>, 'level': 4, 'quantity': 2}"
970,"{'item': <class 'nmmo.systems.item.Rod'>, 'level': 5, 'quantity': 1}"
971,"{'item': <class 'nmmo.systems.item.Rod'>, 'level': 6, 'quantity': 1}"
972,"{'item': <class 'nmmo.systems.item.Rod'>, 'level': 7, 'quantity': 1}"
973,"{'item': <class 'nmmo.systems.item.Rod'>, 'level': 8, 'quantity': 1}"
974,"{'item': <class 'nmmo.systems.item.Rod'>, 'level': 9, 'quantity': 1}"
975,"{'item': <class 'nmmo.systems.item.Pickaxe'>, 'level': 2, 'quantity': 1}"
976,"{'item': <class 'nmmo.systems.item.Pickaxe'>, 'level': 2, 'quantity': 2}"
977,"{'item': <class 'nmmo.systems.item.Pickaxe'>, 'level': 2, 'quantity': 3}"
978,"{'item': <class 'nmmo.systems.item.Pickaxe'>, 'level': 2, 'quantity': 4}"
979,"{'item': <class 'nmmo.systems.item.Pickaxe'>, 'level': 3, 'quantity': 1}"
980,"{'item': <class 'nmmo.systems.item.Pickaxe'>, 'level': 3, 'quantity': 2}"
981,"{'item': <class 'nmmo.systems.item.Pickaxe'>, 'level': 3, 'quantity': 3}"
982,"{'item': <class 'nmmo.systems.item.Pickaxe'>, 'level': 4, 'quantity': 1}"
983,"{'item': <class 'nmmo.systems.item.Pickaxe'>, 'level': 4, 'quantity': 2}"
984,"{'item': <class 'nmmo.systems.item.Pickaxe'>, 'level': 5, 'quantity': 1}"
985,"{'item': <class 'nmmo.systems.item.Pickaxe'>, 'level': 6, 'quantity': 1}"
986,"{'item': <class 'nmmo.systems.item.Pickaxe'>, 'level': 7, 'quantity': 1}"
987,"{'item': <class 'nmmo.systems.item.Pickaxe'>, 'level': 8, 'quantity': 1}"
988,"{'item': <class 'nmmo.systems.item.Pickaxe'>, 'level': 9, 'quantity': 1}"
989,"{'item': <class 'nmmo.systems.item.Chisel'>, 'level': 2, 'quantity': 1}"
990,"{'item': <class 'nmmo.systems.item.Chisel'>, 'level': 2, 'quantity': 2}"
991,"{'item': <class 'nmmo.systems.item.Chisel'>, 'level': 2, 'quantity': 3}"
992,"{'item': <class 'nmmo.systems.item.Chisel'>, 'level': 2, 'quantity': 4}"
993,"{'item': <class 'nmmo.systems.item.Chisel'>, 'level': 3, 'quantity': 1}"
994,"{'item': <class 'nmmo.systems.item.Chisel'>, 'level': 3, 'quantity': 2}"
995,"{'item': <class 'nmmo.systems.item.Chisel'>, 'level': 3, 'quantity': 3}"
996,"{'item': <class 'nmmo.systems.item.Chisel'>, 'level': 4, 'quantity': 1}"
997,"{'item': <class 'nmmo.systems.item.Chisel'>, 'level': 4, 'quantity': 2}"
998,"{'item': <class 'nmmo.systems.item.Chisel'>, 'level': 5, 'quantity': 1}"
999,"{'item': <class 'nmmo.systems.item.Chisel'>, 'level': 6, 'quantity': 1}"
1000,"{'item': <class 'nmmo.systems.item.Chisel'>, 'level': 7, 'quantity': 1}"
1001,"{'item': <class 'nmmo.systems.item.Chisel'>, 'level': 8, 'quantity': 1}"
1002,"{'item': <class 'nmmo.systems.item.Chisel'>, 'level': 9, 'quantity': 1}"
1003,"{'item': <class 'nmmo.systems.item.Runes'>, 'level': 2, 'quantity': 1}"
1004,"{'item': <class 'nmmo.systems.item.Runes'>, 'level': 2, 'quantity': 2}"
1005,"{'item': <class 'nmmo.systems.item.Runes'>, 'level': 2, 'quantity': 3}"
1006,"{'item': <class 'nmmo.systems.item.Runes'>, 'level': 2, 'quantity': 4}"
1007,"{'item': <class 'nmmo.systems.item.Runes'>, 'level': 3, 'quantity': 1}"
1008,"{'item': <class 'nmmo.systems.item.Runes'>, 'level': 3, 'quantity': 2}"
1009,"{'item': <class 'nmmo.systems.item.Runes'>, 'level': 3, 'quantity': 3}"
1010,"{'item': <class 'nmmo.systems.item.Runes'>, 'level': 4, 'quantity': 1}"
1011,"{'item': <class 'nmmo.systems.item.Runes'>, 'level': 4, 'quantity': 2}"
1012,"{'item': <class 'nmmo.systems.item.Runes'>, 'level': 5, 'quantity': 1}"
1013,"{'item': <class 'nmmo.systems.item.Runes'>, 'level': 6, 'quantity': 1}"
1014,"{'item': <class 'nmmo.systems.item.Runes'>, 'level': 7, 'quantity': 1}"
1015,"{'item': <class 'nmmo.systems.item.Runes'>, 'level': 8, 'quantity': 1}"
1016,"{'item': <class 'nmmo.systems.item.Runes'>, 'level': 9, 'quantity': 1}"
1017,"{'item': <class 'nmmo.systems.item.Arrow'>, 'level': 2, 'quantity': 1}"
1018,"{'item': <class 'nmmo.systems.item.Arrow'>, 'level': 2, 'quantity': 2}"
1019,"{'item': <class 'nmmo.systems.item.Arrow'>, 'level': 2, 'quantity': 3}"
1020,"{'item': <class 'nmmo.systems.item.Arrow'>, 'level': 2, 'quantity': 4}"
1021,"{'item': <class 'nmmo.systems.item.Arrow'>, 'level': 3, 'quantity': 1}"
1022,"{'item': <class 'nmmo.systems.item.Arrow'>, 'level': 3, 'quantity': 2}"
1023,"{'item': <class 'nmmo.systems.item.Arrow'>, 'level': 3, 'quantity': 3}"
1024,"{'item': <class 'nmmo.systems.item.Arrow'>, 'level': 4, 'quantity': 1}"
1025,"{'item': <class 'nmmo.systems.item.Arrow'>, 'level': 4, 'quantity': 2}"
1026,"{'item': <class 'nmmo.systems.item.Arrow'>, 'level': 5, 'quantity': 1}"
1027,"{'item': <class 'nmmo.systems.item.Arrow'>, 'level': 6, 'quantity': 1}"
1028,"{'item': <class 'nmmo.systems.item.Arrow'>, 'level': 7, 'quantity': 1}"
1029,"{'item': <class 'nmmo.systems.item.Arrow'>, 'level': 8, 'quantity': 1}"
1030,"{'item': <class 'nmmo.systems.item.Arrow'>, 'level': 9, 'quantity': 1}"
1031,"{'item': <class 'nmmo.systems.item.Whetstone'>, 'level': 2, 'quantity': 1}"
1032,"{'item': <class 'nmmo.systems.item.Whetstone'>, 'level': 2, 'quantity': 2}"
1033,"{'item': <class 'nmmo.systems.item.Whetstone'>, 'level': 2, 'quantity': 3}"
1034,"{'item': <class 'nmmo.systems.item.Whetstone'>, 'level': 2, 'quantity': 4}"
1035,"{'item': <class 'nmmo.systems.item.Whetstone'>, 'level': 3, 'quantity': 1}"
1036,"{'item': <class 'nmmo.systems.item.Whetstone'>, 'level': 3, 'quantity': 2}"
1037,"{'item': <class 'nmmo.systems.item.Whetstone'>, 'level': 3, 'quantity': 3}"
1038,"{'item': <class 'nmmo.systems.item.Whetstone'>, 'level': 4, 'quantity': 1}"
1039,"{'item': <class 'nmmo.systems.item.Whetstone'>, 'level': 4, 'quantity': 2}"
1040,"{'item': <class 'nmmo.systems.item.Whetstone'>, 'level': 5, 'quantity': 1}"
1041,"{'item': <class 'nmmo.systems.item.Whetstone'>, 'level': 6, 'quantity': 1}"
1042,"{'item': <class 'nmmo.systems.item.Whetstone'>, 'level': 7, 'quantity': 1}"
1043,"{'item': <class 'nmmo.systems.item.Whetstone'>, 'level': 8, 'quantity': 1}"
1044,"{'item': <class 'nmmo.systems.item.Whetstone'>, 'level': 9, 'quantity': 1}"
1045,"{'item': <class 'nmmo.systems.item.Potion'>, 'level': 2, 'quantity': 1}"
1046,"{'item': <class 'nmmo.systems.item.Potion'>, 'level': 2, 'quantity': 2}"
1047,"{'item': <class 'nmmo.systems.item.Potion'>, 'level': 2, 'quantity': 3}"
1048,"{'item': <class 'nmmo.systems.item.Potion'>, 'level': 2, 'quantity': 4}"
1049,"{'item': <class 'nmmo.systems.item.Potion'>, 'level': 3, 'quantity': 1}"
1050,"{'item': <class 'nmmo.systems.item.Potion'>, 'level': 3, 'quantity': 2}"
1051,"{'item': <class 'nmmo.systems.item.Potion'>, 'level': 3, 'quantity': 3}"
1052,"{'item': <class 'nmmo.systems.item.Potion'>, 'level': 4, 'quantity': 1}"
1053,"{'item': <class 'nmmo.systems.item.Potion'>, 'level': 4, 'quantity': 2}"
1054,"{'item': <class 'nmmo.systems.item.Potion'>, 'level': 5, 'quantity': 1}"
1055,"{'item': <class 'nmmo.systems.item.Potion'>, 'level': 6, 'quantity': 1}"
1056,"{'item': <class 'nmmo.systems.item.Potion'>, 'level': 7, 'quantity': 1}"
1057,"{'item': <class 'nmmo.systems.item.Potion'>, 'level': 8, 'quantity': 1}"
1058,"{'item': <class 'nmmo.systems.item.Potion'>, 'level': 9, 'quantity': 1}"
1059,"{'item': <class 'nmmo.systems.item.Ration'>, 'level': 2, 'quantity': 1}"
1060,"{'item': <class 'nmmo.systems.item.Ration'>, 'level': 2, 'quantity': 2}"
1061,"{'item': <class 'nmmo.systems.item.Ration'>, 'level': 2, 'quantity': 3}"
1062,"{'item': <class 'nmmo.systems.item.Ration'>, 'level': 2, 'quantity': 4}"
1063,"{'item': <class 'nmmo.systems.item.Ration'>, 'level': 3, 'quantity': 1}"
1064,"{'item': <class 'nmmo.systems.item.Ration'>, 'level': 3, 'quantity': 2}"
1065,"{'item': <class 'nmmo.systems.item.Ration'>, 'level': 3, 'quantity': 3}"
1066,"{'item': <class 'nmmo.systems.item.Ration'>, 'level': 4, 'quantity': 1}"
1067,"{'item': <class 'nmmo.systems.item.Ration'>, 'level': 4, 'quantity': 2}"
1068,"{'item': <class 'nmmo.systems.item.Ration'>, 'level': 5, 'quantity': 1}"
1069,"{'item': <class 'nmmo.systems.item.Ration'>, 'level': 6, 'quantity': 1}"
1070,"{'item': <class 'nmmo.systems.item.Ration'>, 'level': 7, 'quantity': 1}"
1071,"{'item': <class 'nmmo.systems.item.Ration'>, 'level': 8, 'quantity': 1}"
1072,"{'item': <class 'nmmo.systems.item.Ration'>, 'level': 9, 'quantity': 1}"
1073,"{'item': <class 'nmmo.systems.item.Hat'>, 'level': 2, 'quantity': 1}"
1074,"{'item': <class 'nmmo.systems.item.Hat'>, 'level': 2, 'quantity': 2}"
1075,"{'item': <class 'nmmo.systems.item.Hat'>, 'level': 2, 'quantity': 3}"
1076,"{'item': <class 'nmmo.systems.item.Hat'>, 'level': 2, 'quantity': 4}"
1077,"{'item': <class 'nmmo.systems.item.Hat'>, 'level': 3, 'quantity': 1}"
1078,"{'item': <class 'nmmo.systems.item.Hat'>, 'level': 3, 'quantity': 2}"
1079,"{'item': <class 'nmmo.systems.item.Hat'>, 'level': 3, 'quantity': 3}"
1080,"{'item': <class 'nmmo.systems.item.Hat'>, 'level': 4, 'quantity': 1}"
1081,"{'item': <class 'nmmo.systems.item.Hat'>, 'level': 4, 'quantity': 2}"
1082,"{'item': <class 'nmmo.systems.item.Hat'>, 'level': 5, 'quantity': 1}"
1083,"{'item': <class 'nmmo.systems.item.Hat'>, 'level': 6, 'quantity': 1}"
1084,"{'item': <class 'nmmo.systems.item.Hat'>, 'level': 7, 'quantity': 1}"
1085,"{'item': <class 'nmmo.systems.item.Hat'>, 'level': 8, 'quantity': 1}"
1086,"{'item': <class 'nmmo.systems.item.Hat'>, 'level': 9, 'quantity': 1}"
1087,"{'item': <class 'nmmo.systems.item.Top'>, 'level': 2, 'quantity': 1}"
1088,"{'item': <class 'nmmo.systems.item.Top'>, 'level': 2, 'quantity': 2}"
1089,"{'item': <class 'nmmo.systems.item.Top'>, 'level': 2, 'quantity': 3}"
1090,"{'item': <class 'nmmo.systems.item.Top'>, 'level': 2, 'quantity': 4}"
1091,"{'item': <class 'nmmo.systems.item.Top'>, 'level': 3, 'quantity': 1}"
1092,"{'item': <class 'nmmo.systems.item.Top'>, 'level': 3, 'quantity': 2}"
1093,"{'item': <class 'nmmo.systems.item.Top'>, 'level': 3, 'quantity': 3}"
1094,"{'item': <class 'nmmo.systems.item.Top'>, 'level': 4, 'quantity': 1}"
1095,"{'item': <class 'nmmo.systems.item.Top'>, 'level': 4, 'quantity': 2}"
1096,"{'item': <class 'nmmo.systems.item.Top'>, 'level': 5, 'quantity': 1}"
1097,"{'item': <class 'nmmo.systems.item.Top'>, 'level': 6, 'quantity': 1}"
1098,"{'item': <class 'nmmo.systems.item.Top'>, 'level': 7, 'quantity': 1}"
1099,"{'item': <class 'nmmo.systems.item.Top'>, 'level': 8, 'quantity': 1}"
1100,"{'item': <class 'nmmo.systems.item.Top'>, 'level': 9, 'quantity': 1}"
1101,"{'item': <class 'nmmo.systems.item.Bottom'>, 'level': 2, 'quantity': 1}"
1102,"{'item': <class 'nmmo.systems.item.Bottom'>, 'level': 2, 'quantity': 2}"
1103,"{'item': <class 'nmmo.systems.item.Bottom'>, 'level': 2, 'quantity': 3}"
1104,"{'item': <class 'nmmo.systems.item.Bottom'>, 'level': 2, 'quantity': 4}"
1105,"{'item': <class 'nmmo.systems.item.Bottom'>, 'level': 3, 'quantity': 1}"
1106,"{'item': <class 'nmmo.systems.item.Bottom'>, 'level': 3, 'quantity': 2}"
1107,"{'item': <class 'nmmo.systems.item.Bottom'>, 'level': 3, 'quantity': 3}"
1108,"{'item': <class 'nmmo.systems.item.Bottom'>, 'level': 4, 'quantity': 1}"
1109,"{'item': <class 'nmmo.systems.item.Bottom'>, 'level': 4, 'quantity': 2}"
1110,"{'item': <class 'nmmo.systems.item.Bottom'>, 'level': 5, 'quantity': 1}"
1111,"{'item': <class 'nmmo.systems.item.Bottom'>, 'level': 6, 'quantity': 1}"
1112,"{'item': <class 'nmmo.systems.item.Bottom'>, 'level': 7, 'quantity': 1}"
1113,"{'item': <class 'nmmo.systems.item.Bottom'>, 'level': 8, 'quantity': 1}"
1114,"{'item': <class 'nmmo.systems.item.Bottom'>, 'level': 9, 'quantity': 1}"
1115,"{'item': <class 'nmmo.systems.item.Spear'>, 'level': 2, 'quantity': 1}"
1116,"{'item': <class 'nmmo.systems.item.Spear'>, 'level': 2, 'quantity': 2}"
1117,"{'item': <class 'nmmo.systems.item.Spear'>, 'level': 2, 'quantity': 3}"
1118,"{'item': <class 'nmmo.systems.item.Spear'>, 'level': 2, 'quantity': 4}"
1119,"{'item': <class 'nmmo.systems.item.Spear'>, 'level': 3, 'quantity': 1}"
1120,"{'item': <class 'nmmo.systems.item.Spear'>, 'level': 3, 'quantity': 2}"
1121,"{'item': <class 'nmmo.systems.item.Spear'>, 'level': 3, 'quantity': 3}"
1122,"{'item': <class 'nmmo.systems.item.Spear'>, 'level': 4, 'quantity': 1}"
1123,"{'item': <class 'nmmo.systems.item.Spear'>, 'level': 4, 'quantity': 2}"
1124,"{'item': <class 'nmmo.systems.item.Spear'>, 'level': 5, 'quantity': 1}"
1125,"{'item': <class 'nmmo.systems.item.Spear'>, 'level': 6, 'quantity': 1}"
1126,"{'item': <class 'nmmo.systems.item.Spear'>, 'level': 7, 'quantity': 1}"
1127,"{'item': <class 'nmmo.systems.item.Spear'>, 'level': 8, 'quantity': 1}"
1128,"{'item': <class 'nmmo.systems.item.Spear'>, 'level': 9, 'quantity': 1}"
1129,"{'item': <class 'nmmo.systems.item.Bow'>, 'level': 2, 'quantity': 1}"
1130,"{'item': <class 'nmmo.systems.item.Bow'>, 'level': 2, 'quantity': 2}"
1131,"{'item': <class 'nmmo.systems.item.Bow'>, 'level': 2, 'quantity': 3}"
1132,"{'item': <class 'nmmo.systems.item.Bow'>, 'level': 2, 'quantity': 4}"
1133,"{'item': <class 'nmmo.systems.item.Bow'>, 'level': 3, 'quantity': 1}"
1134,"{'item': <class 'nmmo.systems.item.Bow'>, 'level': 3, 'quantity': 2}"
1135,"{'item': <class 'nmmo.systems.item.Bow'>, 'level': 3, 'quantity': 3}"
1136,"{'item': <class 'nmmo.systems.item.Bow'>, 'level': 4, 'quantity': 1}"
1137,"{'item': <class 'nmmo.systems.item.Bow'>, 'level': 4, 'quantity': 2}"
1138,"{'item': <class 'nmmo.systems.item.Bow'>, 'level': 5, 'quantity': 1}"
1139,"{'item': <class 'nmmo.systems.item.Bow'>, 'level': 6, 'quantity': 1}"
1140,"{'item': <class 'nmmo.systems.item.Bow'>, 'level': 7, 'quantity': 1}"
1141,"{'item': <class 'nmmo.systems.item.Bow'>, 'level': 8, 'quantity': 1}"
1142,"{'item': <class 'nmmo.systems.item.Bow'>, 'level': 9, 'quantity': 1}"
1143,"{'item': <class 'nmmo.systems.item.Wand'>, 'level': 2, 'quantity': 1}"
1144,"{'item': <class 'nmmo.systems.item.Wand'>, 'level': 2, 'quantity': 2}"
1145,"{'item': <class 'nmmo.systems.item.Wand'>, 'level': 2, 'quantity': 3}"
1146,"{'item': <class 'nmmo.systems.item.Wand'>, 'level': 2, 'quantity': 4}"
1147,"{'item': <class 'nmmo.systems.item.Wand'>, 'level': 3, 'quantity': 1}"
1148,"{'item': <class 'nmmo.systems.item.Wand'>, 'level': 3, 'quantity': 2}"
1149,"{'item': <class 'nmmo.systems.item.Wand'>, 'level': 3, 'quantity': 3}"
1150,"{'item': <class 'nmmo.systems.item.Wand'>, 'level': 4, 'quantity': 1}"
1151,"{'item': <class 'nmmo.systems.item.Wand'>, 'level': 4, 'quantity': 2}"
1152,"{'item': <class 'nmmo.systems.item.Wand'>, 'level': 5, 'quantity': 1}"
1153,"{'item': <class 'nmmo.systems.item.Wand'>, 'level': 6, 'quantity': 1}"
1154,"{'item': <class 'nmmo.systems.item.Wand'>, 'level': 7, 'quantity': 1}"
1155,"{'item': <class 'nmmo.systems.item.Wand'>, 'level': 8, 'quantity': 1}"
1156,"{'item': <class 'nmmo.systems.item.Wand'>, 'level': 9, 'quantity': 1}"
1157,"{'item': <class 'nmmo.systems.item.Axe'>, 'level': 2, 'quantity': 1}"
1158,"{'item': <class 'nmmo.systems.item.Axe'>, 'level': 2, 'quantity': 2}"
1159,"{'item': <class 'nmmo.systems.item.Axe'>, 'level': 2, 'quantity': 3}"
1160,"{'item': <class 'nmmo.systems.item.Axe'>, 'level': 2, 'quantity': 4}"
1161,"{'item': <class 'nmmo.systems.item.Axe'>, 'level': 3, 'quantity': 1}"
1162,"{'item': <class 'nmmo.systems.item.Axe'>, 'level': 3, 'quantity': 2}"
1163,"{'item': <class 'nmmo.systems.item.Axe'>, 'level': 3, 'quantity': 3}"
1164,"{'item': <class 'nmmo.systems.item.Axe'>, 'level': 4, 'quantity': 1}"
1165,"{'item': <class 'nmmo.systems.item.Axe'>, 'level': 4, 'quantity': 2}"
1166,"{'item': <class 'nmmo.systems.item.Axe'>, 'level': 5, 'quantity': 1}"
1167,"{'item': <class 'nmmo.systems.item.Axe'>, 'level': 6, 'quantity': 1}"
1168,"{'item': <class 'nmmo.systems.item.Axe'>, 'level': 7, 'quantity': 1}"
1169,"{'item': <class 'nmmo.systems.item.Axe'>, 'level': 8, 'quantity': 1}"
1170,"{'item': <class 'nmmo.systems.item.Axe'>, 'level': 9, 'quantity': 1}"
1171,"{'item': <class 'nmmo.systems.item.Gloves'>, 'level': 2, 'quantity': 1}"
1172,"{'item': <class 'nmmo.systems.item.Gloves'>, 'level': 2, 'quantity': 2}"
1173,"{'item': <class 'nmmo.systems.item.Gloves'>, 'level': 2, 'quantity': 3}"
1174,"{'item': <class 'nmmo.systems.item.Gloves'>, 'level': 2, 'quantity': 4}"
1175,"{'item': <class 'nmmo.systems.item.Gloves'>, 'level': 3, 'quantity': 1}"
1176,"{'item': <class 'nmmo.systems.item.Gloves'>, 'level': 3, 'quantity': 2}"
1177,"{'item': <class 'nmmo.systems.item.Gloves'>, 'level': 3, 'quantity': 3}"
1178,"{'item': <class 'nmmo.systems.item.Gloves'>, 'level': 4, 'quantity': 1}"
1179,"{'item': <class 'nmmo.systems.item.Gloves'>, 'level': 4, 'quantity': 2}"
1180,"{'item': <class 'nmmo.systems.item.Gloves'>, 'level': 5, 'quantity': 1}"
1181,"{'item': <class 'nmmo.systems.item.Gloves'>, 'level': 6, 'quantity': 1}"
1182,"{'item': <class 'nmmo.systems.item.Gloves'>, 'level': 7, 'quantity': 1}"
1183,"{'item': <class 'nmmo.systems.item.Gloves'>, 'level': 8, 'quantity': 1}"
1184,"{'item': <class 'nmmo.systems.item.Gloves'>, 'level': 9, 'quantity': 1}"
1185,"{'item': <class 'nmmo.systems.item.Rod'>, 'level': 2, 'quantity': 1}"
1186,"{'item': <class 'nmmo.systems.item.Rod'>, 'level': 2, 'quantity': 2}"
1187,"{'item': <class 'nmmo.systems.item.Rod'>, 'level': 2, 'quantity': 3}"
1188,"{'item': <class 'nmmo.systems.item.Rod'>, 'level': 2, 'quantity': 4}"
1189,"{'item': <class 'nmmo.systems.item.Rod'>, 'level': 3, 'quantity': 1}"
1190,"{'item': <class 'nmmo.systems.item.Rod'>, 'level': 3, 'quantity': 2}"
1191,"{'item': <class 'nmmo.systems.item.Rod'>, 'level': 3, 'quantity': 3}"
1192,"{'item': <class 'nmmo.systems.item.Rod'>, 'level': 4, 'quantity': 1}"
1193,"{'item': <class 'nmmo.systems.item.Rod'>, 'level': 4, 'quantity': 2}"
1194,"{'item': <class 'nmmo.systems.item.Rod'>, 'level': 5, 'quantity': 1}"
1195,"{'item': <class 'nmmo.systems.item.Rod'>, 'level': 6, 'quantity': 1}"
1196,"{'item': <class 'nmmo.systems.item.Rod'>, 'level': 7, 'quantity': 1}"
1197,"{'item': <class 'nmmo.systems.item.Rod'>, 'level': 8, 'quantity': 1}"
1198,"{'item': <class 'nmmo.systems.item.Rod'>, 'level': 9, 'quantity': 1}"
1199,"{'item': <class 'nmmo.systems.item.Pickaxe'>, 'level': 2, 'quantity': 1}"
1200,"{'item': <class 'nmmo.systems.item.Pickaxe'>, 'level': 2, 'quantity': 2}"
1201,"{'item': <class 'nmmo.systems.item.Pickaxe'>, 'level': 2, 'quantity': 3}"
1202,"{'item': <class 'nmmo.systems.item.Pickaxe'>, 'level': 2, 'quantity': 4}"
1203,"{'item': <class 'nmmo.systems.item.Pickaxe'>, 'level': 3, 'quantity': 1}"
1204,"{'item': <class 'nmmo.systems.item.Pickaxe'>, 'level': 3, 'quantity': 2}"
1205,"{'item': <class 'nmmo.systems.item.Pickaxe'>, 'level': 3, 'quantity': 3}"
1206,"{'item': <class 'nmmo.systems.item.Pickaxe'>, 'level': 4, 'quantity': 1}"
1207,"{'item': <class 'nmmo.systems.item.Pickaxe'>, 'level': 4, 'quantity': 2}"
1208,"{'item': <class 'nmmo.systems.item.Pickaxe'>, 'level': 5, 'quantity': 1}"
1209,"{'item': <class 'nmmo.systems.item.Pickaxe'>, 'level': 6, 'quantity': 1}"
1210,"{'item': <class 'nmmo.systems.item.Pickaxe'>, 'level': 7, 'quantity': 1}"
1211,"{'item': <class 'nmmo.systems.item.Pickaxe'>, 'level': 8, 'quantity': 1}"
1212,"{'item': <class 'nmmo.systems.item.Pickaxe'>, 'level': 9, 'quantity': 1}"
1213,"{'item': <class 'nmmo.systems.item.Chisel'>, 'level': 2, 'quantity': 1}"
1214,"{'item': <class 'nmmo.systems.item.Chisel'>, 'level': 2, 'quantity': 2}"
1215,"{'item': <class 'nmmo.systems.item.Chisel'>, 'level': 2, 'quantity': 3}"
1216,"{'item': <class 'nmmo.systems.item.Chisel'>, 'level': 2, 'quantity': 4}"
1217,"{'item': <class 'nmmo.systems.item.Chisel'>, 'level': 3, 'quantity': 1}"
1218,"{'item': <class 'nmmo.systems.item.Chisel'>, 'level': 3, 'quantity': 2}"
1219,"{'item': <class 'nmmo.systems.item.Chisel'>, 'level': 3, 'quantity': 3}"
1220,"{'item': <class 'nmmo.systems.item.Chisel'>, 'level': 4, 'quantity': 1}"
1221,"{'item': <class 'nmmo.systems.item.Chisel'>, 'level': 4, 'quantity': 2}"
1222,"{'item': <class 'nmmo.systems.item.Chisel'>, 'level': 5, 'quantity': 1}"
1223,"{'item': <class 'nmmo.systems.item.Chisel'>, 'level': 6, 'quantity': 1}"
1224,"{'item': <class 'nmmo.systems.item.Chisel'>, 'level': 7, 'quantity': 1}"
1225,"{'item': <class 'nmmo.systems.item.Chisel'>, 'level': 8, 'quantity': 1}"
1226,"{'item': <class 'nmmo.systems.item.Chisel'>, 'level': 9, 'quantity': 1}"
1227,"{'item': <class 'nmmo.systems.item.Runes'>, 'level': 2, 'quantity': 1}"
1228,"{'item': <class 'nmmo.systems.item.Runes'>, 'level': 2, 'quantity': 2}"
1229,"{'item': <class 'nmmo.systems.item.Runes'>, 'level': 2, 'quantity': 3}"
1230,"{'item': <class 'nmmo.systems.item.Runes'>, 'level': 2, 'quantity': 4}"
1231,"{'item': <class 'nmmo.systems.item.Runes'>, 'level': 3, 'quantity': 1}"
1232,"{'item': <class 'nmmo.systems.item.Runes'>, 'level': 3, 'quantity': 2}"
1233,"{'item': <class 'nmmo.systems.item.Runes'>, 'level': 3, 'quantity': 3}"
1234,"{'item': <class 'nmmo.systems.item.Runes'>, 'level': 4, 'quantity': 1}"
1235,"{'item': <class 'nmmo.systems.item.Runes'>, 'level': 4, 'quantity': 2}"
1236,"{'item': <class 'nmmo.systems.item.Runes'>, 'level': 5, 'quantity': 1}"
1237,"{'item': <class 'nmmo.systems.item.Runes'>, 'level': 6, 'quantity': 1}"
1238,"{'item': <class 'nmmo.systems.item.Runes'>, 'level': 7, 'quantity': 1}"
1239,"{'item': <class 'nmmo.systems.item.Runes'>, 'level': 8, 'quantity': 1}"
1240,"{'item': <class 'nmmo.systems.item.Runes'>, 'level': 9, 'quantity': 1}"
1241,"{'item': <class 'nmmo.systems.item.Arrow'>, 'level': 2, 'quantity': 1}"
1242,"{'item': <class 'nmmo.systems.item.Arrow'>, 'level': 2, 'quantity': 2}"
1243,"{'item': <class 'nmmo.systems.item.Arrow'>, 'level': 2, 'quantity': 3}"
1244,"{'item': <class 'nmmo.systems.item.Arrow'>, 'level': 2, 'quantity': 4}"
1245,"{'item': <class 'nmmo.systems.item.Arrow'>, 'level': 3, 'quantity': 1}"
1246,"{'item': <class 'nmmo.systems.item.Arrow'>, 'level': 3, 'quantity': 2}"
1247,"{'item': <class 'nmmo.systems.item.Arrow'>, 'level': 3, 'quantity': 3}"
1248,"{'item': <class 'nmmo.systems.item.Arrow'>, 'level': 4, 'quantity': 1}"
1249,"{'item': <class 'nmmo.systems.item.Arrow'>, 'level': 4, 'quantity': 2}"
1250,"{'item': <class 'nmmo.systems.item.Arrow'>, 'level': 5, 'quantity': 1}"
1251,"{'item': <class 'nmmo.systems.item.Arrow'>, 'level': 6, 'quantity': 1}"
1252,"{'item': <class 'nmmo.systems.item.Arrow'>, 'level': 7, 'quantity': 1}"
1253,"{'item': <class 'nmmo.systems.item.Arrow'>, 'level': 8, 'quantity': 1}"
1254,"{'item': <class 'nmmo.systems.item.Arrow'>, 'level': 9, 'quantity': 1}"
1255,"{'item': <class 'nmmo.systems.item.Whetstone'>, 'level': 2, 'quantity': 1}"
1256,"{'item': <class 'nmmo.systems.item.Whetstone'>, 'level': 2, 'quantity': 2}"
1257,"{'item': <class 'nmmo.systems.item.Whetstone'>, 'level': 2, 'quantity': 3}"
1258,"{'item': <class 'nmmo.systems.item.Whetstone'>, 'level': 2, 'quantity': 4}"
1259,"{'item': <class 'nmmo.systems.item.Whetstone'>, 'level': 3, 'quantity': 1}"
1260,"{'item': <class 'nmmo.systems.item.Whetstone'>, 'level': 3, 'quantity': 2}"
1261,"{'item': <class 'nmmo.systems.item.Whetstone'>, 'level': 3, 'quantity': 3}"
1262,"{'item': <class 'nmmo.systems.item.Whetstone'>, 'level': 4, 'quantity': 1}"
1263,"{'item': <class 'nmmo.systems.item.Whetstone'>, 'level': 4, 'quantity': 2}"
1264,"{'item': <class 'nmmo.systems.item.Whetstone'>, 'level': 5, 'quantity': 1}"
1265,"{'item': <class 'nmmo.systems.item.Whetstone'>, 'level': 6, 'quantity': 1}"
1266,"{'item': <class 'nmmo.systems.item.Whetstone'>, 'level': 7, 'quantity': 1}"
1267,"{'item': <class 'nmmo.systems.item.Whetstone'>, 'level': 8, 'quantity': 1}"
1268,"{'item': <class 'nmmo.systems.item.Whetstone'>, 'level': 9, 'quantity': 1}"
1269,"{'item': <class 'nmmo.systems.item.Potion'>, 'level': 2, 'quantity': 1}"
1270,"{'item': <class 'nmmo.systems.item.Potion'>, 'level': 2, 'quantity': 2}"
1271,"{'item': <class 'nmmo.systems.item.Potion'>, 'level': 2, 'quantity': 3}"
1272,"{'item': <class 'nmmo.systems.item.Potion'>, 'level': 2, 'quantity': 4}"
1273,"{'item': <class 'nmmo.systems.item.Potion'>, 'level': 3, 'quantity': 1}"
1274,"{'item': <class 'nmmo.systems.item.Potion'>, 'level': 3, 'quantity': 2}"
1275,"{'item': <class 'nmmo.systems.item.Potion'>, 'level': 3, 'quantity': 3}"
1276,"{'item': <class 'nmmo.systems.item.Potion'>, 'level': 4, 'quantity': 1}"
1277,"{'item': <class 'nmmo.systems.item.Potion'>, 'level': 4, 'quantity': 2}"
1278,"{'item': <class 'nmmo.systems.item.Potion'>, 'level': 5, 'quantity': 1}"
1279,"{'item': <class 'nmmo.systems.item.Potion'>, 'level': 6, 'quantity': 1}"
1280,"{'item': <class 'nmmo.systems.item.Potion'>, 'level': 7, 'quantity': 1}"
1281,"{'item': <class 'nmmo.systems.item.Potion'>, 'level': 8, 'quantity': 1}"
1282,"{'item': <class 'nmmo.systems.item.Potion'>, 'level': 9, 'quantity': 1}"
1283,"{'item': <class 'nmmo.systems.item.Ration'>, 'level': 2, 'quantity': 1}"
1284,"{'item': <class 'nmmo.systems.item.Ration'>, 'level': 2, 'quantity': 2}"
1285,"{'item': <class 'nmmo.systems.item.Ration'>, 'level': 2, 'quantity': 3}"
1286,"{'item': <class 'nmmo.systems.item.Ration'>, 'level': 2, 'quantity': 4}"
1287,"{'item': <class 'nmmo.systems.item.Ration'>, 'level': 3, 'quantity': 1}"
1288,"{'item': <class 'nmmo.systems.item.Ration'>, 'level': 3, 'quantity': 2}"
1289,"{'item': <class 'nmmo.systems.item.Ration'>, 'level': 3, 'quantity': 3}"
1290,"{'item': <class 'nmmo.systems.item.Ration'>, 'level': 4, 'quantity': 1}"
1291,"{'item': <class 'nmmo.systems.item.Ration'>, 'level': 4, 'quantity': 2}"
1292,"{'item': <class 'nmmo.systems.item.Ration'>, 'level': 5, 'quantity': 1}"
1293,"{'item': <class 'nmmo.systems.item.Ration'>, 'level': 6, 'quantity': 1}"
1294,"{'item': <class 'nmmo.systems.item.Ration'>, 'level': 7, 'quantity': 1}"
1295,"{'item': <class 'nmmo.systems.item.Ration'>, 'level': 8, 'quantity': 1}"
1296,"{'item': <class 'nmmo.systems.item.Ration'>, 'level': 9, 'quantity': 1}"
